id,callsign,flightNumber,originIcao,destinationIcao,alternateIcao,atcRoute,aircraftTitle,aircraftDirectory,aircraftRegistration,aircraftIcao,aircraftCategory,distance_travelled_km,state,offBlocksTime,onBlocksTime,realBlockTime,effectiveBlockTime,realFlightTime,effectiveFlightTime,fuelBurn,plannedBlockTime,plannedFlightTime,plannedPax,plannedCargo,plannedAltitude,createdAt,dateTimeParseDate,dateTimeParseTime,dateDayOfWeek,dateTimeParseFull,countryOrigin,muniOrigin,countryDestination,muniDestination,DOWactivity,originIata,destinationIata
5dc29962-5122-434b-abc3-d16598d4d959,ANA4039,NH4039,RJCC,RJFU,RJFF,HWE6 HWE DCT ARIKA Y14 DGC Y204 OHGIE FUBUKI,Airbus A330-900neo All Nippon Cargo,Headwind_A330neo,JA339F,A339,Heavy,0.86018365,Completed,2022-05-08T04:45:08.108,2022-05-08T04:47:51.107,162.999,162.999,162.999,162.999,64.2151151,9900,8327,0,37600,37000,2022-05-08T04:40:40.94038,08/05/2022,15:40:40,Sun,08/05/2022 15:40:40,JP,Sapporo,JP,Nagasaki,F,CTS,NGS
a05b7010-b2e7-4b8f-bff8-b6742725301a,GIA875,GA875,RJTT,WIII,WIHH,DCT XAC V18 MOE A590 JOM M767 TOKON M646 VJN P648 AMBOY AMBO2F,Boeing 777-300ER Garuda Retro,CS_B777-300ER_GE115B,PK-GIK,B773,Heavy,5866.41395,Completed,2022-08-08T21:15:03.249,2022-08-09T02:10:49.249,17746,17746,17085.998,17085.998,49634.5007,26700,23270,0,70100,35000,2022-08-08T21:12:53.656809,09/08/2022,08:12:53,Tue,09/08/2022 08:12:53,JP,Tokyo,ID,Jakarta,U,HND,CGK
13df8c84-dc98-4220-917f-dfa2cef15650,ANA140,NH140,RJKA,ROAH,RODN,YUWAN2 YUWAN B597 ONC A582 NHC DCT,Airbus A321Neo All Nippon Airways,aircrafta321neopw,JAI3IA,A21N,Medium,380.380715,Completed,2023-02-14T05:10:34.159,2023-02-14T05:56:40.158,2744.00089,2744.00089,2275.00289,2275.00289,1496.67858,4200,3063,198,7713,27000,2023-02-14T05:07:52.480648,14/02/2023,16:07:52,Tue,14/02/2023 16:07:52,JP,Amami,JP,Naha,H,ASJ,OKA
680d2457-85db-42ac-9f04-3ebb28899cfd,ELANG17,,WARR,WIHH,WIII,BIRUN UKLIN ERATA FUSAL LASEM CUCUT MADIN KIDET IMU KOMIT,F-35C Lightning II Indonesian Air-Force (TNI-AL),IndiaFoxtEcho_F35C,TL-3517,F35C,MilJet,792.269312,Completed,2022-10-20T03:20:31.242,2022-10-20T04:22:53.241,3741.999,3741.999,3401,3401,3245.95877,None,None,None,None,None,2022-10-20T03:13:19.76803,20/10/2022,14:13:19,Thu,20/10/2022 14:13:19,ID,Surabaya,ID,Jakarta,H,SUB,HLP
7bcf1bb1-ab5e-4751-8e3f-d3610f47eaa6,AFR782,AF782,LGAV,LFMN,LFML,KOR1F KOR L53 IXONI UL53 OLGAT DCT VIE DCT LOMED DCT BALUK DCT RUXOL DCT BEROK DCT MIVKI T648 GOLAS M859 LAGEN Q712 ENOBA Z185 BORDI BORD7R,Airbus A321neo Air France 2021,A321neoLEAP,F-GTAF,A21N,Medium,1858.60539,Completed,2023-02-20T05:23:53.294,2023-02-20T07:59:37.284,9343.99,9343.99,8729.999,8729.999,4741.0399,10200,9308,191,4975,35000,2023-02-20T05:20:34.436652,20/02/2023,16:20:34,Mon,20/02/2023 16:20:34,GR,Athens,FR,Nice,H,ATH,NCE
184e45a0-fae0-4b4c-9b1a-04df32d1e23d,FDX7281,FX7281,NZAA,YSSY,YSCB,AKEL1Q PEBLU N759 SASRO M636 PLUGA DCT RIKNI N774 MARLN MARLN5,Boeing B777-200F FedEx Ananyaa,CS_B777F_GE110B1,N884FD,B77F,Heavy,2294.83644,Completed,2022-11-08T19:44:20.032,2022-11-08T22:40:25.032,10565,10565,10090,10090,16840.4043,12600,10847,0,50000,37000,2022-11-08T19:39:32.854388,09/11/2022,06:39:32,Wed,09/11/2022 06:39:32,NZ,Auckland,AU,Sydney,H,AKL,SYD
132c6c06-e61a-4e99-91fd-1ae372260ae9,TGW281,TR281,WADD,WSSS,WMKD,OKAN1B OKANG DCT UDONO M635 SURGA SURG1A,Airbus A321neo Scoot 9V-NCA - PW,aircrafta321neopw,9V-NCA,A21N,Medium,1888.56719,Completed,2023-02-11T07:38:31.827,2023-02-11T09:35:11.828,6959.00132,6959.00132,6445.00132,6445.00132,4734.90464,10500,8609,198,7713,38000,2023-02-11T07:35:47.599405,11/02/2023,18:35:47,Sat,11/02/2023 18:35:47,ID,Denpasar,SG,Singapore,H,DPS,SIN
96624262-b9db-45cb-909b-f25da886ecc6,SAM30,SAM30,MMUN,KLSV,KONT,ENEB2A ENEBA DCT MUXOG UA766 SUVUM DCT SEAGL DCT LEMIG DCT FST Q37 CAVRN DCT TCS J108 INW J86 BAVPE J72 BLD DCT,,,30000,B748,Heavy,3258.1848,Completed,2022-07-30T21:29:07.784,2022-07-31T01:10:43.785,13296.001,13296.001,12835,12835,37359.5568,16800,13686,0,74700,36000,2022-07-30T21:25:27.355435,31/07/2022,08:25:27,Sun,31/07/2022 08:25:27,MX,Ciudad de Canc√∫n,US,Las Vegas,F,CUN,LSV
74899da2-6bec-49ad-9b59-baa78166509a,SIA935,SQ935,WADD,WSSS,WMKK,DCT UDONO M635 SURGA SURG1B,Boeing 787-10 Singapore Airlines,Asobo_B787_10,9V-SCC,B78X,Heavy,1730.38836,Completed,2022-11-04T00:29:44.811,2022-11-04T02:39:44.809,7799.998,7799.998,7408.991,7408.991,13667.2125,9900,7868,0,40000,39000,2022-11-04T00:27:17.964359,04/11/2022,11:27:17,Fri,04/11/2022 11:27:17,ID,Denpasar,SG,Singapore,H,DPS,SIN
53a1dd0a-e156-4d1e-9381-101afade3f3b,ASY631,None,YMHB,YMML,YSSY,LATUM2 LATUM H111 LT H215 WAREN WARE7A,PMDG 737-700BBJ RAAF [A36-001 - Flag],PMDG 737-700BBJ,A36-001,B737,Medium,658.072297,Completed,2023-04-26T21:21:04.032,2023-04-26T22:33:04.033,4320.001,4320.001,3732.999,3732.999,2701.61643,5700,4027,32,1998,38000,2023-04-26T21:15:22.286282,27/04/2023,08:15:22,Thu,27/04/2023 08:15:22,AU,Hobart,AU,Melbourne,W,HBA,MEL
5273cd78-c312-42f9-b423-f0c20d58f68e,N806SB,None,KBOS,KCLE,KDTW,HYLND5 HYLND DCT CAM Q822 GONZZ DCT HANKK DCT THOME TRYBE4,PMDG 737-800 United Airlines (N37267 | 2019 | EvoBlu),PMDG 737-800,N37267,B737,Medium,665.037125,Completed,2022-08-25T11:18:48.251,2022-08-25T11:18:58.24,9.989,9.989,9.989,9.989,2.66289282,7500,5448,114,6844,36000,2022-08-25T11:07:44.052577,25/08/2022,22:07:44,Thu,25/08/2022 22:07:44,US,Boston,US,Cleveland,M,BOS,CLE
34fc81ca-68a5-41d3-aa0d-f2762c078cf9,IDAF01,IDAF01,WIHH,WITT,WMKL,DCT TULIP M766 TKG W11 MKB W19 MOSOL MOSO2D,PMDG 737-800 Indonesia Air Force (A-001 | 2021),PMDG 737-800BBJ2,A-001,B737,Medium,1930.63981,Completed,2022-11-06T08:09:56.185,2022-11-06T10:45:45.186,9349.001,9349.001,8958,8958,5900.74494,11100,9121,40,2998,39000,2022-11-06T08:03:55.199377,06/11/2022,19:03:55,Sun,06/11/2022 19:03:55,ID,Jakarta,ID,Banda Aceh,H,HLP,BTJ
6504dd63-c9e2-4520-af1a-7716ff2f9190,QFA811,QF811,YBBN,YSSY,YSCB,SANEG1 SANEG H91 CORKY H12 BOREE BORE3A,B787 10 Qantas VH-ZNA,Asobo_B787_10,VH-ZNA,B78X,Heavy,844.773851,Completed,2022-08-24T21:33:53.021,2022-08-24T22:55:45.009,4911.988,4911.988,4142,4142,5623.7284,6000,4382,0,50000,37000,2022-08-24T21:30:33.201527,25/08/2022,08:30:33,Thu,25/08/2022 08:30:33,AU,Brisbane,AU,Sydney,M,BNE,SYD
d7a8ebf4-8e8f-40ef-9027-6d50200ba147,N321SB,None,WARR,WMKK,WSSS,RAMP2F RAMPY M635 TPG A464 SJ G579 VJB A457 GUPTA BOBI1P,PMDG 737-800 Malaysia Airlines (9M-MXY),PMDG 737-800,9M-MXY,B737,Medium,1933.74707,Completed,2022-10-05T07:49:36.169,2022-10-05T10:31:37.168,9720.999,9720.999,9211,9211,6815.64673,10200,8300,140,5493,36000,2022-10-05T07:46:01.891794,05/10/2022,18:46:01,Wed,05/10/2022 18:46:01,ID,Surabaya,MY,Sepang,U,SUB,KUL
ac8fea52-e63a-4ef1-9a6d-807eb4560797,AXM1572,AK1572,WIII,WMKP,WMKK,DOLT2J DOLTA A585 PLB G579 VJB B466 SUKAT A457 TEPUS GORV2K,Airbus A320 AirAsia,FlyByWire_A320_NEO,¬†,A20N,Medium,1672.99572,Completed,2022-08-15T10:25:06.289,2022-08-15T12:16:13.289,6667,6667,6136.998,6136.998,4805.4253,9300,7604,141,8518,35000,2022-08-15T10:21:05.127537,15/08/2022,21:21:05,Mon,15/08/2022 21:21:05,ID,Jakarta,MY,Penang,U,CGK,PEN
6cef1b5d-b8d8-4055-ab03-20e7f4171dc9,CEB938,5J938,ROAH,RPLL,RPLC,NHC4SW LAFTY DCT MAMIK DCT SAKON DCT NIMOX DCT BISIG DCT BEDIP DCT SARSI DCT MUPOB DCT KANDU DCT POLIO POLI5R,Airbus A321neo Cebu Pacific - PW,aircrafta321neopw,RP-C41109,A21N,Medium,1572.33087,Completed,2023-03-11T21:34:47.3,2023-03-11T23:50:04.3,8117,8117,7428.001,7428.001,4162.77555,9600,7965,187,8582,37000,2023-03-11T21:27:24.58461,12/03/2023,08:27:24,Sun,12/03/2023 08:27:24,JP,Naha,PH,Manila,F,OKA,MNL
bacfcafd-a26b-4baa-b8d9-566ad7a42776,UAE721,EK721,OMDB,HKJK,HTKJ,ANVI5G ANVIX R401 GIDIS G783 UKRAG L710 KUKDI B400 RIGAM UB403 MAV UP312 WAV WAJI1A,Boeing 777-300ER EMIRATES STANDARD,CS_B777-300ER_GE115B,A6-EQO,B773,Heavy,3881.41829,Completed,2022-08-07T03:24:21.318,2022-08-07T05:55:33.318,9072,9072,8508.999,8508.999,33372.8404,17700,15672,0,70000,36000,2022-08-07T03:18:21.767587,07/08/2022,14:18:21,Sun,07/08/2022 14:18:21,AE,Dubai,KE,Nairobi,F,DXB,NBO
5510b341-a9ec-4b53-b362-d0210de58597,N700SB,None,YMHB,YSSY,YSTW,LATUM2 LATUM H111 LT W218 NOLAN UY327 MAKRL J163 CB W423 CULIN Y59 RIVET RIVET3,PMDG 737-700BBJ RAAF [A36-001 - 2022],PMDG 737-700BBJ,A36-001,B737,Medium,1180.85985,Completed,2022-08-18T21:22:53.45,2022-08-18T23:05:49.449,6175.999,6175.999,5576.999,5576.999,3807.37878,7200,5925,40,3998,37000,2022-08-18T21:18:32.987252,19/08/2022,08:18:32,Fri,19/08/2022 08:18:32,AU,Hobart,AU,Sydney,M,HBA,SYD
70edbd0d-0607-46e8-9248-916a7a3d26ba,AFR417,AF417,LFMN,LPPT,LEZL,EPOL6A EPOLO UP132 DIVKO UN975 CCS DCT ELVAR DCT EXONA DCT,Boeing B777-200ER Air France 2021 Montpellier,CS_B777-200ER_GE90B,F-GSPP,B772,Heavy,1793.0015,Completed,2022-08-23T05:22:20.864,2022-08-23T07:52:57.853,9036.989,9036.989,8678,8678,14087.2699,9600,7759,0,45000,34000,2022-08-23T05:18:54.835879,23/08/2022,16:18:54,Tue,23/08/2022 16:18:54,FR,Nice,PT,Lisbon,U,NCE,LIS
2f5e6724-5fe7-4035-9482-2f0ab4552669,CTV278,QG278,WIII,WIMM,WMKK,DOLT2B DOLTA A585 PKU W12 MEDIA MEDI2C,Airbus A330-900neo Citilink,Headwind_A330neo,PK-GYC,A339,Heavy,1447.69203,Completed,2022-10-18T00:22:41.358,2022-10-18T02:30:42.358,7681,7681,6995.999,6995.999,11158.1679,9000,6774,285,10700,36000,2022-10-18T00:19:43.349909,18/10/2022,11:19:43,Tue,18/10/2022 11:19:43,ID,Jakarta,ID,Bandara Kuala Namu,H,CGK,KNO
e376e6e6-8c6e-470f-9c97-5609c04153f8,ACA890,AC890,KORD,CYYZ,CYYB,DCT EBAKE DCT WISMO DCT POSTS DCT PADDE DCT SVM DCT QWERI NUBER4,FBW Airbus A320 Neo Air Canada,FlyByWire_A320_NEO,C-FXCD,A20N,Medium,949.381545,Completed,2022-05-19T11:17:26.326,2022-05-19T12:25:11.314,4064.988,4064.988,3707.998,3707.998,2380.93335,5700,3872,0,11700,34000,2022-05-19T11:05:28.836202,19/05/2022,22:05:28,Thu,19/05/2022 22:05:28,US,Chicago,CA,Toronto,U,ORD,YYZ
ef103265-89a6-4eb1-aa7f-3d61dc7ad91d,SJX271,JX271,RCTP,RPLL,RPLC,TINH1A TINHO B591 GID Q11 POTIB M646 LAO B462 CAB CAB3P,Airbus A321neo Starlux Airlines - LEAP,A321neoLEAP,B-58201,A21N,Medium,1319.34308,Completed,2022-11-01T01:13:37.369,2022-11-01T03:10:34.367,7016.998,7016.998,6500,6500,4078.94674,8100,6636,174,6350,36000,2022-11-01T01:04:30.065571,01/11/2022,12:04:30,Tue,01/11/2022 12:04:30,TW,Taoyuan (Dayuan),PH,Manila,H,TPE,MNL
8e55bc25-56d9-4199-a322-9524107cbeb9,BAW9413,BA9413,EGSS,LIRF,LIRN,CLN1E CLN M84 KONAN UL607 FERDI DCT SUTAL UN852 GTQ UZ343 BEGAR DCT RIPUS N850 ODINA DCT TINKU DCT XIBIL XIBI3B,Boeing 747-8F British Airways World Cargo,SALTY_B747_8i,G-GSSE,B748,Heavy,1648.93763,Completed,2022-05-19T04:52:33.024,2022-05-19T07:03:03.023,7829.999,7829.999,7165,7165,20322.068,8400,7272,0,54700,37000,2022-05-19T04:48:37.311349,19/05/2022,15:48:37,Thu,19/05/2022 15:48:37,GB,London,IT,Rome,U,STN,FCO
0f7b01bb-c43f-41eb-9ae7-4e9b9ec957f1,CSN7800,CZ7800,ZGGG,RJTT,RJGG,LMN1D LMN G471 PLT A599 ELNEX G204 MULOV V73 SUPAR B221 NINAS G327 LAMEN A593 POTET Y60 FUE Y23 ARTIC Y71 XAC XACN,Boeing B777-300ER China Southern Airlines,CS_B777-300ER_GE115B,B-2007,B77W,Heavy,3194.89522,Completed,2022-05-06T07:38:32.885,2022-05-06T11:25:56.886,13644.001,13644.001,13068.001,13068.001,26523.84,13800,13020,0,41000,36000,2022-05-06T07:32:01.365202,06/05/2022,18:32:01,Fri,06/05/2022 18:32:01,CN,Guangzhou (Huadu),JP,Tokyo,W,CAN,HND
108d1a4f-0122-407f-a857-d07572f15d9e,DHL1795,LH1795,LEPA,EDDM,EDDF,MERO6B MEROS UN853 LUMAS UM985 EKSID M985 NOSTA DCT NOPMU DCT TAGIP T876 GUNGO Y246 TISAX T102 NINUR T101 BETOS BETO1A,Airbus A330-900neo 8k Lufthansa Retro,Headwind_A330neo,D-AIAK,A339,Heavy,1478.71212,Completed,2022-04-30T22:38:08.131,2022-05-01T00:50:53.13,7964.999,7964.999,7402.001,7402.001,7803.38817,7800,6466,0,37600,36000,2022-04-30T22:35:23.748611,01/05/2022,09:35:23,Sun,01/05/2022 09:35:23,ES,Palma de Mallorca,DE,Munich,F,PMI,MUC
b8c006cd-7a5a-42e3-b531-1b4e67e7f0d9,LNI714,JT714,WILL,WIMM,WMKK,TERK1F TERKA W21 PLB G579 PARDI N502 BOBAG DCT PUGER PUGE2C,PMDG 737-700 Lion Air (PK-LJQ | 2012),PMDG 737-700,PK-LJQ,B737,Medium,1404.93117,Completed,2022-07-04T10:27:35.77,2022-07-04T12:02:23.77,5688,5688,5280,5280,5088.9963,8400,6708,139,5894,34000,2022-07-04T10:19:27.389488,04/07/2022,21:19:27,Mon,04/07/2022 21:19:27,ID,Bandar Lampung,ID,Bandara Kuala Namu,H,TKG,KNO
a910e028-e07a-4703-bc39-5637ab5c6f36,QFA4001,QF4001,YSSY,YMAV,YSCB,WOL2 WOL H65 RAZZI Q29 ML JAYBI5,Airbus A321Neo Qantas airways,aircrafta321neopw,VH-OGR,A21N,Medium,793.17073,Completed,2022-10-25T20:06:08.354,2022-10-25T21:26:26.354,4818,4818,4235,4235,2601.54686,6600,4648,174,6350,37000,2022-10-25T20:01:48.766579,26/10/2022,07:01:48,Wed,26/10/2022 07:01:48,AU,Sydney,AU,Lara,H,SYD,AVV
b98c7ca5-8df6-4167-a219-a337ec2583db,SIA8573,SQ8573,VVTS,RPLL,RPLC,ANTR2B PTH N500 PANDI M765 EXORA W3 LUBAN LUBA7R,Boeing 747-8i SALTY Singapore Airlines Cargo,SALTY_B747_8i,9V-SFM,B748,Heavy,1709.76744,Completed,2023-04-04T22:52:29.972,2023-04-05T01:08:31.973,8162.001,8162.001,7577.001,7577.001,18802.7612,9000,8063,360,26981,36000,2023-04-04T22:48:49.452531,05/04/2023,09:48:49,Wed,05/04/2023 09:48:49,VN,Ho Chi Minh City,PH,Manila,U,SGN,MNL
11a543ed-aeb7-471f-9c69-907b6ac76c91,EZY28K,U228K,EGSS,LEPA,LEBL,NUGB1R NUGBO M183 SILVA Q41 COWLY UT71 VAPID UN859 SOPIL DCT BALAN DCT EVPOK DCT NARAK DCT GAI DCT LOMRA DCT ROCAN DCT IBRAP UN13 LORES LORE1P,Airbus A321Neo Easyjet,A321neoLEAP,G-UZMJ,A21N,Medium,1569.5645,Completed,2022-10-03T10:17:35.558,2022-10-03T12:30:26.558,7971,7971,7513.001,7513.001,4474.70647,8700,6925,0,15500,36000,2022-10-03T10:12:36.056568,03/10/2022,21:12:36,Mon,03/10/2022 21:12:36,GB,London,ES,Palma de Mallorca,U,STN,PMI
b3609801-59db-4460-b156-7377987578be,QFA802,QF802,YBCS,YSSY,YSCB,SWIFT8 SWIFT Y153 ROKUU H12 BOREE BORE3A,,,,A21N,Medium,2058.86138,Completed,2022-10-13T21:29:03.269,2022-10-14T00:12:57.267,9766.05054,9766.05054,9061.05154,9061.05154,5087.2475,11400,9336,164,4100,36000,2022-10-13T21:12:04.3933,14/10/2022,08:12:04,Fri,14/10/2022 08:12:04,AU,Cairns,AU,Sydney,M,CNS,SYD
0a928c46-ddba-462d-b50e-a91037d1e9a4,KLM2675,KL2675,EHAM,LIMC,EDDF,REND1E EDUPO Z739 MISGO DCT COL DCT RIDSU L607 UTABA M738 LORLO Y740 ATPED M984 LUSIL W323 EVRIP EVRI2E,Boeing 787-10 KLM,Asobo_B787_10,PH-BKF,B78X,Heavy,191.78215,Completed,2022-07-02T12:00:00.718,2022-07-02T12:19:37.724,1177.006,1177.006,920.007,920.007,2089.05537,6000,5241,0,51700,36000,2022-07-02T11:56:50.747049,02/07/2022,22:56:50,Sat,02/07/2022 22:56:50,NL,Amsterdam,IT,Milan,H,AMS,MXP
3f2c447a-f40d-4a0a-8515-1995b3ba1230,N806SB,None,LTFM,LDZA,LOWW,VADE3D VADEN L610 UTEKA DCT SMI DCT VBA VBA2Z,PMDG 737-800 Turkish Airlines (TC-JHR),PMDG 737-800,TC-JHR,B737,Medium,51.8736686,Completed,2022-08-25T09:37:09.426,2022-08-25T09:50:38.414,808.988,808.988,496,496,1148.25215,8400,6176,129,9818,36000,2022-08-25T09:31:58.438722,25/08/2022,20:31:58,Thu,25/08/2022 20:31:58,TR,"Arnavutk√∂y, Istanbul",HR,Zagreb,M,IST,ZAG
8c7b2b36-5d09-4a45-8c2f-902d54ab762c,N251SB,None,WATO,WIII,WIHH,DCT MUSAD W42 SMAWA W43 AGUNG W34 SBR M766 IMU DCT,FBW Batik Air PK-BDF,FlyByWire_A320_NEO,PK-BDF,A20N,Medium,1518.2104,Completed,2022-08-21T00:36:04.003,2022-08-21T02:06:26.003,5422,5422,5282,5282,3858.47012,9600,7720,116,7894,36000,2022-08-21T00:36:04.36578,21/08/2022,11:36:04,Sun,21/08/2022 11:36:04,ID,Labuan Bajo,ID,Jakarta,F,LBJ,CGK
5e2ad37e-d577-494c-ad59-5816c765a163,FPY823,OG823,BIKF,BGSF,CYFB,SORI3A SORIR DCT SOPEN DCT 65N030W 66N040W DCT GANGI UW28 SF DCT,Airbus A321neo play TF-PLA,A321neoLEAP,TF-PLA,A21N,Medium,1455.36608,Completed,2022-08-26T11:04:03.579,2022-08-26T13:13:04.264,7740.685,7740.685,7218,7218,4869.90233,9000,6776,0,15200,36000,2022-08-26T11:01:58.379352,26/08/2022,22:01:58,Fri,26/08/2022 22:01:58,IS,Reykjav√≠k,GL,Kangerlussuaq,M,KEF,SFJ
77a3d0c1-c6d8-4369-8a7b-96bd5e9cb978,EVA6192,BR6192,RCTP,VVTS,VVCR,CHAL1B CHALI T5 PARPA A577 KABAM N892 MESOX Q15 CRA W15 VETOM DALA2J,Boeing 777-200F EVA Cargo B-16788,CS_B777F_GE110B1,B-16788,B77F,Heavy,2473.98048,Completed,2022-07-10T23:15:33.292,2022-07-11T01:02:07.283,6393.991,6393.991,5868.999,5868.999,21537.5632,12300,10351,0,97100,33000,2022-07-10T23:10:39.84897,11/07/2022,10:10:39,Mon,11/07/2022 10:10:39,TW,Taoyuan (Dayuan),VN,Ho Chi Minh City,H,TPE,SGN
5def980d-106c-41b0-afff-9569c776416f,SIA844,SQ844,WSSS,VTBS,VDSR,VMR8F VMR B469 VPK M751 VKB M644 TONIK M904 BUT DOLN3C,F-CK-1 Super Warrior,Asobo_FA18E_SW,RAAF,F18E,MilJet,1477.5868,Completed,2022-09-19T10:39:41.926,2022-09-19T12:46:00.925,7578.999,7578.999,6965,6965,19321.4206,8700,7054,294,37335,36000,2022-09-19T10:37:26.270496,19/09/2022,21:37:26,Mon,19/09/2022 21:37:26,SG,Singapore,TH,Bangkok,U,SIN,BKK
41e9aa9f-201f-4625-b82d-7baca7860d9c,ANA4039,NH4039,RJSS,RJFU,RJFF,DCT GTC V30 KMC Y45 MIHOU Y14 DGC Y204 OHGIE FUBUKI,Airbus A330-900neo All Nippon Cargo,Headwind_A330neo,JA339F,A339,Heavy,1236.21554,Completed,2022-05-08T04:59:21.59,2022-05-08T06:56:46.578,7044.988,7044.988,6677.001,6677.001,7896.92997,8400,6594,0,37600,37000,2022-05-08T04:55:07.346204,08/05/2022,15:55:07,Sun,08/05/2022 15:55:07,JP,Natori,JP,Nagasaki,F,SDJ,NGS
9210fea8-92c9-464a-8d0d-1d4e8b28f7ca,EJA21S,1I21S,EPWA,EKCH,EDDH,OLIL6A OLILA L621 GRUDA DCT DEVEL L621 ROE M743 TIDVU TIDV1M,Airbus A320 Neo NetJets (A32NX Converted),FlyByWire_A320_NEO,N320QS,A20N,Medium,727.127117,Completed,2022-09-06T10:23:34.414,2022-09-06T11:33:53.414,4219,4219,3949.001,3949.001,2074.41651,6300,4399,32,2798,36000,2022-09-06T10:17:13.386276,06/09/2022,21:17:13,Tue,06/09/2022 21:17:13,PL,Warsaw,DK,Copenhagen,U,WAW,CPH
302778aa-766a-4007-801f-af3dacb6536d,JST728,JQ728,YBBN,YMML,YSSY,DCT BN H91 SANEG Q923 CANTY H119 ML DCT,Boeing 787-8 JetStar,Kuro_B787_8,ASX788,B788,Heavy,1338.108,Completed,2023-02-23T20:52:04.671,2023-02-23T22:38:53.672,6409.001,6409.001,6040.001,6040.001,9306.76961,9000,7460,0,36000,38000,2023-02-23T20:47:18.040832,24/02/2023,07:47:18,Fri,24/02/2023 07:47:18,AU,Brisbane,AU,Melbourne,H,BNE,MEL
db767b63-5ec2-46f1-b544-4dd3c68bca56,ACA1822,AC1822,CYYZ,CYEG,CYYC,AVSEP6 MUSIT DCT SSM DCT YQT J500 VLR J515 CAMRA IGSOX2,Boeing 777-300ER AIRCANADA 2017 C-FITU,CS_B777-300ER_GE115B,C-FITU,B773,Heavy,2712.39681,Completed,2022-08-28T22:38:48.02,2022-08-29T01:14:45.02,9357,9357,8847,8847,25181.3844,14700,12425,0,48000,36000,2022-08-28T22:34:37.220544,29/08/2022,09:34:37,Mon,29/08/2022 09:34:37,CA,Toronto,CA,Edmonton,U,YYZ,YEG
767bed09-5d08-438f-a7ff-58a6a7ce275a,CAL157,CI157,RCTP,VVNB,VVCI,CHAL1A CHALI T3 MKG A1 KADLO DCT LAPUG R200 GLN DCT GYA R474 NAKHA HAKA1D,Airbus A321neo China Airlines - PW,aircrafta321neopw,B-18102,A21N,Medium,1870.18926,Completed,2022-10-15T08:37:23.988,2022-10-15T11:08:58.973,9094.985,9094.985,8492.999,8492.999,4685.29389,10800,8760,164,4100,36000,2022-10-15T08:36:03.310614,15/10/2022,19:36:03,Sat,15/10/2022 19:36:03,TW,Taoyuan (Dayuan),VN,Hanoi (Soc Son),W,TPE,HAN
e3962ca9-79fe-492d-8d64-34b439a2119f,QTR831,QR831,OTHH,HECA,HETB,PATO1E PATOM B457 NARMI N697 KITOT L550 NWB N697 MENLI L677 CVO DCT,,,A7-BHA,B78X,Heavy,2157.92075,Completed,2022-09-29T10:22:11.79,2022-09-29T13:12:14.776,10202.986,10202.986,9469.999,9469.999,17658.6618,12000,9818,0,50000,39000,2022-09-29T10:20:35.452421,29/09/2022,21:20:35,Thu,29/09/2022 21:20:35,QA,Doha,EG,Cairo,M,DOH,CAI
1f7b5c3a-5f34-4054-84b7-f27e21e7d449,AAR80,OZ80,RKSI,RKPK,RKSI,OSPO1Y OSPOT Y782 TGU Z83 MASTA ZULBI2,Airbus A321Neo Asiana,A321neoLEAP,HL8371,A21N,Medium,517.843407,Completed,2022-11-03T02:16:29.538,2022-11-03T03:08:43.54,3134.002,3134.002,2686,2686,1820.68044,4200,2612,174,6350,28000,2022-11-03T02:11:17.002372,03/11/2022,13:11:17,Thu,03/11/2022 13:11:17,KR,Seoul,KR,Busan,H,ICN,PUS
d104f5ba-4ef1-4af7-91a9-80821cd2a333,VOZ488,VA488,NZAA,YSSY,YSCB,OSRA1P MADEP N774 MARLN MARLN5,PMDG 737-800 Virgin Australia [VH-YIV],PMDG 737-800,VH-YIV,B738,Medium,2207.18953,Completed,2022-08-25T20:58:09.956,2022-08-26T00:16:17.034,11887.078,11887.078,11286.087,11286.087,7942.99898,13500,11584,114,6844,36000,2022-08-25T20:55:06.830303,26/08/2022,07:55:06,Fri,26/08/2022 07:55:06,NZ,Auckland,AU,Sydney,M,AKL,SYD
8d2bdac3-8565-4e32-8ed2-8116f9c1f5d3,UPS8372,5X8372,RKSI,RCTP,RCMQ,BOPT1Y BOPTA Z51 BEDES Y711 MUGUS Y742 SALMI B576 BAKER BAKE1A,Airbus A330-900neo UPS United Parcel Service,Headwind_A330neo,N989UP,A339,Heavy,1658.14123,Completed,2023-03-15T08:11:36.576,2023-03-15T10:34:02.574,8545.998,8545.998,8072.001,8072.001,13237.6253,9600,8019,0,44836,37000,2023-03-15T08:08:19.242241,15/03/2023,19:08:19,Wed,15/03/2023 19:08:19,KR,Seoul,TW,Taoyuan (Dayuan),U,ICN,TPE
1f429449-78a0-4962-acce-e9f285281409,CCA712,CA281,ZBAD,ZMCK,ZMUB,DCT IDKEX B339 ASILA A575 ANIKU DCT,Airbus A321Neo Air China,aircrafta321neopw,B-323Q,A21N,Medium,1285.00737,Completed,2023-02-18T23:36:21.713,2023-02-19T01:38:48.922,7347.209,7347.209,6821,6821,3497.86646,8400,6955,148,4100,35000,2023-02-18T23:34:00.598745,19/02/2023,10:34:00,Sun,19/02/2023 10:34:00,CN,Beijing,MN,Ulaanbaatar (Sergelen),H,PKX,UBN
c4fafece-fbad-46ba-9142-b93503158487,ITY721,AZ721,LGAV,LIRF,LIRN,KOR2T KOR L53 IXONI UL53 KRK UL995 TIGRA DCT EKTOL DCT TEA DCT SIPRO Z803 LAT LAT3B,Airbus A330-900neo ITA Airways,Headwind_A330neo,EI-OEN,A339,Heavy,1178.36112,Completed,2022-05-05T09:20:42.928,2022-05-05T11:10:20.916,6577.988,6577.988,6123.002,6123.002,6386.3545,8100,6662,0,37600,34000,2022-05-05T09:15:54.567392,05/05/2022,20:15:54,Thu,05/05/2022 20:15:54,GR,Athens,IT,Rome,U,ATH,FCO
330a7e10-d973-41d6-91d2-6d1a6fe8d70c,SIA725,SQ725,VTSP,WSSS,WMKK,UTHA1B UTHAI R325 VIH A464 ARAMA ARAM1B,PMDG 737-700 Singapore Airlines SCI,PMDG 737-700,9V-BBB,B737,Medium,1187.90398,Completed,2022-05-17T04:18:06.466,2022-05-17T06:05:03.465,6416.999,6416.999,5856.001,5856.001,4091.25955,7200,5727,115,7596,35000,2022-05-17T04:12:28.67031,17/05/2022,15:12:28,Tue,17/05/2022 15:12:28,TH,Phuket,SG,Singapore,U,HKT,SIN
3850cd48-1b8b-4e38-8865-cb3c1585257e,FAF372K,None,LFBO,GMMN,GMME,TIVL5B TIVLI UN869 GALTO UB11 TUSOR TUSO1A,Airbus A321neo France Air Force ET 3/60 Esterel 2020,aircrafta321neolrLEAP,F-UJCB,A21N,Medium,1488.74055,Completed,2023-04-26T09:18:53.675,2023-04-26T10:53:47.675,5694,5694,5154.001,5154.001,3811.2034,9300,7472,192,5800,36000,2023-04-26T09:14:15.546012,26/04/2023,20:14:15,Wed,26/04/2023 20:14:15,FR,Toulouse/Blagnac,MA,Casablanca,U,TLS,CMN
f35941ed-90f9-4ae1-b9db-469c24455c3c,THY871,TK871,LTAI,LTFM,LTBZ,EKSE1F EKSEN UM855 SISPI SISP1A,Airbus A320neo Turkish Airlines (Masked),FlyByWire_A320_NEO,TC-JPC,A20N,Medium,664.529463,Completed,2022-09-18T12:05:27.554,2022-09-18T13:17:46.545,4338.991,4338.991,3626.999,3626.999,2250.73466,5400,3734,148,8213,34000,2022-09-18T11:59:59.163685,18/09/2022,22:59:59,Sun,18/09/2022 22:59:59,TR,Antalya,TR,"Arnavutk√∂y, Istanbul",F,AYT,IST
6d20dc7f-55ea-4e7a-ab62-88d53898be85,THY227,TK227,LLBG,LTFM,LTBZ,DAFN1F DAFNA W13 VELOX N71 DESPO DCT VOLBE DCT VESAR UB545 MUT UL621 BUK UA4 ERSEN ERSE1A,Airbus A330-900neo Turkish Airlines,Headwind_A330neo,TC-LOB,A339,Heavy,1400.50816,Completed,2022-11-03T08:31:19.373,2022-11-03T10:35:22.374,7443.001,7443.001,6821,6821,11576.2354,8100,7037,231,16620,36000,2022-11-03T08:28:28.965978,03/11/2022,19:28:28,Thu,03/11/2022 19:28:28,IL,Tel Aviv,TR,"Arnavutk√∂y, Istanbul",H,TLV,IST
50edf7ad-74a8-4cf6-85a9-2d5f0377a7cb,LNI312,JT312,WAHI,WIII,WIHH,CA2M CA W17S IMU DCT,PMDG 737-900ER Lion Air SSW (PK-LSV | 2008),PMDG 737-900ER,PK-LSV,B739,Medium,482.902409,Completed,2023-02-11T10:53:43.465,2023-02-11T11:49:22.465,3312.99733,3312.99733,2784.99497,2784.99497,2690.74543,4800,2985,156,6892,32000,2023-02-11T10:50:22.033791,11/02/2023,21:50:22,Sat,11/02/2023 21:50:22,ID,Yogyakarta,ID,Jakarta,H,YIA,CGK
e5e37461-1449-4699-9c57-fc14af9c4163,ANA684,NH684,RJBB,ZBAA,ZBTJ,HELEN1 MAIKO DCT WENDY DCT SHION DCT SOUJA Y287 MIHOU Y38 SAPRA Y685 SEL Y697 AGAVO A591 IKEKA W4 HCH W200 DOVIV W55 DUMAP DUM8ZA,,,JA219A,A20N,Medium,2067.56623,Completed,2022-08-07T21:37:24.974,2022-08-08T00:29:54.964,10349.99,10349.99,9879.999,9879.999,5880.90271,11700,9828,123,9069,35000,2022-08-07T21:34:29.829366,08/08/2022,08:34:29,Mon,08/08/2022 08:34:29,JP,Osaka,CN,Beijing,U,KIX,PEK
9a698704-c337-4b5f-ae93-dc0fe43ca616,BOE14Z,BOE14Z,LLBG,LTFM,LTBG,DAFN1E DAFNA W13 VELOX N71 DESPO DCT VOLBE DCT VESAR UB545 MUT UL621 BUK UA4 ERSEN ERSE1A,Boeing 747-8i Asobo 747-8F N747EX,SALTY_B747_8i,N747EX,B748,Heavy,1412.19303,Completed,2022-05-16T06:43:37.014,2022-05-16T08:37:54.005,6856.991,6856.991,6293.998,6293.998,17852.0498,7800,6692,0,54700,36000,2022-05-16T06:38:16.572637,16/05/2022,17:38:16,Mon,16/05/2022 17:38:16,IL,Tel Aviv,TR,"Arnavutk√∂y, Istanbul",U,TLV,IST
0cebe6e7-d0ca-4490-9da7-12abdca69c31,GIA1,GA1,WAJJ,WADD,WADL,DCT TISTO W68 AMN W53 MKS A450 LIPOT W41 PEDET PEDE3C,Boeing 777-300ER INDONESIA PK-GIG,CS_B777-300ER_GE115B,PK-GIG,B773,Heavy,3168.11696,Completed,2022-08-18T05:54:03.2,2022-08-18T08:04:06.201,7803.001,7803.001,7410,7410,26153.8686,14700,12971,0,18000,37000,2022-08-18T05:49:32.018568,18/08/2022,16:49:32,Thu,18/08/2022 16:49:32,ID,Sentani,ID,Denpasar,M,DJJ,DPS
45f000db-0c0c-46d3-bd26-79576bbebfa9,THY829,TK829,LGAV,LTFM,LTBZ,KRO2T KRO UN604 INBET INBE1A,Boeing 777-300ER Turkish Airlines Dirty,CS_B777-300ER_GE115B,TC-LJK,B773,Heavy,630.505189,Completed,2022-09-05T11:58:06.511,2022-09-05T13:04:37.501,3990.99,3990.99,3454.998,3454.998,5292.55624,5100,3564,0,46000,35000,2022-09-05T11:56:06.239535,05/09/2022,22:56:06,Mon,05/09/2022 22:56:06,GR,Athens,TR,"Arnavutk√∂y, Istanbul",U,ATH,IST
a8b23b6c-46d5-4d5c-892b-4fdbd7c8a27c,SIA4771,SQ4771,VTBS,WSSS,WMKD,KIGO3K KIGOB M904 UPRON Q803 ELALO ELAL1B,Boeing 747-8i SALTY Singapore Airlines Cargo,SALTY_B747_8i,9V-SFM,B748,Heavy,1550.86698,Completed,2022-09-23T02:33:01.362,2022-09-23T04:34:21.362,7280,7280,6641.001,6641.001,19339.9874,8400,7010,300,37484,37000,2022-09-23T02:30:58.104501,23/09/2022,13:30:58,Fri,23/09/2022 13:30:58,TH,Bangkok,SG,Singapore,M,BKK,SIN
84026ad5-d586-4fad-8181-002a2814cbb8,DAL1671,DL1671,KATL,KMIA,KMCO,WIGLE2 LUCKK DCT HONID,FBW Airbus A320 Neo DELTA AIR LINES,FlyByWire_A320_NEO,¬†,A20N,Medium,1076.76442,Completed,2022-07-11T20:58:02.039,2022-07-11T22:32:12.04,5650.001,5650.001,5047.999,5047.999,3293.78845,6900,5263,161,7150,35000,2022-07-11T20:47:18.074786,12/07/2022,07:47:18,Tue,12/07/2022 07:47:18,US,Atlanta,US,Miami,H,ATL,MIA
546cb01b-939a-4311-8fc8-36a777ea2c85,BTK174,ID174,WADD,WAJJ,WABB,PESU2A PESUT DCT NMA W69 TMK W68 TISTO TIST2B,FBW Batik Air PK-BDF,FlyByWire_A320_NEO,PK-BDF,A20N,Medium,2950.7002,Completed,2022-05-22T07:16:50.311,2022-05-22T11:05:22.301,13711.99,13711.99,13266.001,13266.001,6958.26063,15300,13547,0,11700,36000,2022-05-22T07:05:02.906458,22/05/2022,18:05:02,Sun,22/05/2022 18:05:02,ID,Denpasar,ID,Sentani,F,DPS,DJJ
df91e3ba-8f53-4c44-b354-32efc6d26d36,UAL4492,UA4492,KIAD,KCLE,KDTW,JERES2 JERES J211 JST DCT UPPRR TRYBE4,PMDG 737-800 United Airlines (N37267 | 2019 | EvoBlu),PMDG 737-800,N37267,B738,Medium,526.792643,Completed,2022-08-25T11:25:09.318,2022-08-25T12:25:59.317,3649.999,3649.999,2989.169,2989.169,2611.8538,5100,3195,114,6844,36000,2022-08-25T11:22:18.381781,25/08/2022,22:22:18,Thu,25/08/2022 22:22:18,US,Dulles,US,Cleveland,M,IAD,CLE
b3de0e29-19d4-498f-90fc-7cae32154cfb,QFA204,QF204,YPPH,WADD,WADL,AVNEX3 AVNEX Y15 ESDEG Q587 METUM R592 GIWOT DCT JALAK JALA3D,Airbus A321Neo Qantas airways2,aircrafta321neopw,VH-OGR,A21N,Medium,2743.97239,Completed,2022-10-11T03:12:24.342,2022-10-11T06:45:22.344,12778.002,12778.002,12324.001,12324.001,7316.32251,14100,12843,171,9275,36000,2022-10-11T03:07:42.808571,11/10/2022,14:07:42,Tue,11/10/2022 14:07:42,AU,Perth,ID,Denpasar,U,PER,DPS
7216e282-94d2-4576-9ea1-0e4221b23c72,SWA774,WN774,KJAC,KLAX,KONT,ALPIN2 KICNE DCT ODUCE DCT WINEN Q73 HAKMN ANJLL4,PMDG 737-800 SWA (N500WR - Freedom),PMDG 737-800,N500WR,B738,Medium,1365.0711,Completed,2022-09-08T21:29:39.292,2022-09-08T23:25:13.292,6934,6934,6521.002,6521.002,4760.24775,8700,6723,161,7017,36000,2022-09-08T21:25:29.773634,09/09/2022,08:25:29,Fri,09/09/2022 08:25:29,US,Jackson,US,Los Angeles,M,JAC,LAX
43b37130-3ab9-473e-a755-276375bc78ca,ETD281,EY281,OMAA,OERK,OEDF,MEKR1G MEKRI P899 KUPSA B415 DOH M430 KOBOX KOBO1A,Boeing 787-10 Etihad Airways,Asobo_B787_10,A6-BMH,B78X,Heavy,897.130257,Completed,2022-09-20T06:28:34.425,2022-09-20T07:48:42.425,4808,4808,4286.999,4286.999,6087.29138,6600,4632,0,46000,38000,2022-09-20T06:25:09.481355,20/09/2022,17:25:09,Tue,20/09/2022 17:25:09,AE,Abu Dhabi,SA,Riyadh,U,AUH,RUH
1442a343-033a-4b15-8783-35f80d724975,QFA409,QF409,YBBN,YSSY,YSCB,SANEG1 SANEG H91 CORKY H12 BOREE BORE3A,Airbus A320 Neo QANTAS 2021 (A32NX Converted),FlyByWire_A320_NEO,‚Äé‚Äé,A20N,Medium,800.550607,Completed,2022-07-12T22:00:31.339,2022-07-12T22:57:30.392,3419.053,3419.053,2893.063,2893.063,2619.89886,6300,5010,121,8019,34000,2022-07-12T21:55:14.682944,13/07/2022,08:55:14,Wed,13/07/2022 08:55:14,AU,Brisbane,AU,Sydney,H,BNE,SYD
aeaeb714-df69-42a8-9363-a6808036b6cf,CTM801,None,YBBN,YSSY,YSCB,SANEG1 SANEG H91 CORKY H12 TESAT DCT,Airbus A330-900neo ARMEE DE L¬¥AIR 042,Headwind_A330neo,F-UJCK,A339,Heavy,843.565442,Completed,2022-08-01T21:05:07.199,2022-08-01T22:29:25.189,5057.99,5057.99,4525,4525,6662.8754,6300,4758,151,15020,36000,2022-08-01T21:00:25.68498,02/08/2022,08:00:25,Tue,02/08/2022 08:00:25,AU,Brisbane,AU,Sydney,U,BNE,SYD
53c34268-13e4-4cef-b6c3-e58ff4931f78,AIC341,AI341,VABB,VHHH,VMMC,ANOL2A AAU G450 CEA B465 CTG A599 GULOT W146 XSJ W148 LXI A599 POU R473 SIERA SIER6D,Boeing 777-300ER Air India VT-ALT,CS_B777-300ER_GE115B,VT-ALT,B773,Heavy,4215.5973,Completed,2022-07-21T23:00:36.462,2022-07-22T01:40:49.461,9612.999,9612.999,9298.999,9298.999,36064.6771,18900,19822,0,65000,34000,2022-07-21T22:57:42.532266,22/07/2022,09:57:42,Fri,22/07/2022 09:57:42,IN,Mumbai,HK,Islands,M,BOM,HKG
3ac04e74-afc1-4eff-92b5-d902a2d0bf06,CPA5760,CX5760,VHHH,VTSP,WITT,DCT IDOSI P901 IKELA A1 PAPRA R575 SMU W32 DORNA Y3 MONBU MONB1D,Airbus A321Neo Cathay Pacific,A321neoLEAP,B-HPE,A21N,Medium,2395.8466,Completed,2022-10-27T04:05:08.974,2022-10-27T07:09:53.973,11084.999,11084.999,10464.001,10464.001,6532.1054,13500,10878,174,6350,36000,2022-10-27T04:03:11.81628,27/10/2022,15:03:11,Thu,27/10/2022 15:03:11,HK,Islands,TH,Phuket,H,HKG,HKT
2f1f21c5-1dc0-45e4-9885-6f316d7e9a7c,GIA711,GA711,VHHH,WADD,WADL,OCEA2D OCEAN V5 SABNO A583 AKOTA M754 BRU R223 ELANG DCT,Airbus A330-900neo GarudaMasker,Headwind_A330neo,PK-GHG,A339,Heavy,3694.17355,Completed,2022-09-08T06:02:34.133,2022-09-08T09:00:25.476,10671.343,10671.343,10211.342,10211.342,21988.2702,17400,15801,249,18980,35000,2022-09-08T06:00:08.918627,08/09/2022,17:00:08,Thu,08/09/2022 17:00:08,HK,Islands,ID,Denpasar,M,HKG,DPS
74b83455-d721-4a13-aeb6-4653ea50a576,EZD104,Z2104,RCKH,RPLL,RCKH,HCN1B HCN M646 SANRO W4 NABAL NABA3P,Airbus A320 Neo (A32NX) AirAsia Philippines,FlyByWire_A320_NEO,RP-C8950,A20N,Medium,1023.12447,Completed,2022-10-06T04:09:47.535,2022-10-06T05:43:48.534,5640.999,5640.999,5072,5072,3156.40017,6900,5100,162,5742,35000,2022-10-06T04:06:35.736605,06/10/2022,15:06:35,Thu,06/10/2022 15:06:35,TW,Kaohsiung (Xiaogang),PH,Manila,M,KHH,MNL
ed1037ca-1e83-44c0-b72c-a47dbc958f79,BTK411,ID411,WATO,WIII,WIPP,DCT SMAWA W43 AGUNG W34 SBR M766 IMU,FBW Batik Air PK-BDF,FlyByWire_A320_NEO,PK-BDF,A20N,Medium,1673.3232,Completed,2022-04-27T06:36:56.539,2022-04-27T09:33:10.523,10573.984,10573.984,10298,10298,3873.95555,9600,7701,0,11700,37000,2022-04-27T06:35:02.128345,27/04/2022,17:35:02,Wed,27/04/2022 17:35:02,ID,Labuan Bajo,ID,Jakarta,M,LBJ,CGK
2650e62e-d2e5-4a48-aa78-1a4e13db5c2f,UAE366,EK366,OMDB,OPIS,UTDK,IVUR1G IVURO M677 LALDO B505 PG G325 HANGU J139 KALMI KALM1A,Boeing 777-300ER EMIRATES,CS_B777-300ER_GE115B,A6-ECJ,B773,Heavy,2206.5206,Completed,2022-07-30T05:53:27.89,2022-07-30T07:37:52.888,6264.998,6264.998,5910.001,5910.001,19364.5136,10200,10102,0,60000,35000,2022-07-30T05:48:55.344325,30/07/2022,16:48:55,Sat,30/07/2022 16:48:55,AE,Dubai,PK,Attock,W,DXB,ISB
40f30a8d-de92-4642-9465-c311ba2ee99d,AIC823,AI823,VGHS,VIDP,VIJP,DCT RAJ A201 LKN M890 JAL JAL5B,Boeing 787-8 Air India VT-NAC,Kuro_B787_8,VT-NAC,B788,Heavy,1447.52779,Completed,2023-02-14T02:45:12.159,2023-02-14T04:54:57.159,7785,7785,7265.002,7265.002,9637.83344,9300,7552,0,28000,37000,2023-02-14T02:40:06.374945,14/02/2023,13:40:06,Tue,14/02/2023 13:40:06,BD,Dhaka,IN,New Delhi,H,DAC,DEL
68b63002-ae6a-4fc1-9077-c971e68abb40,EJA788,1I788,LROP,EKCH,EKEB,BUKE1K BUKEL DCT PELUR DCT APSAM DCT KUSIS DCT KENIN DCT LENOV N133 POLON N983 ROE M743 TIDVU TIDV1C,Boeing 787-8 NetJets,Kuro_B787_8,N788QS,B788,Heavy,1664.65451,Completed,2023-03-22T04:16:02.97,2023-03-22T06:33:57.97,8275,8275,7843,7843,10262.5523,9600,7878,30,3748,39000,2023-03-22T04:13:34.132953,22/03/2023,15:13:34,Wed,22/03/2023 15:13:34,RO,Bucharest,DK,Copenhagen,U,OTP,CPH
8731309c-826a-444f-b338-dcd77ec22024,THY372,TK372,UGTB,LTFM,LTBJ,ZAGOT1 ZAGOT DCT TETRO N644 ROLIN UN644 SIN UW90 DEVMU UL852 MODAU UT643 ATPIX ATPI2B,Airbus A320neo Turkish Airlines (Masked),FlyByWire_A320_NEO,TC-JPC,A20N,Medium,1503.05787,Completed,2023-04-15T03:04:27.281,2023-04-15T05:17:45.282,7998.001,7998.001,7500.999,7500.999,4373.67718,9600,7814,144,5592,36000,2023-04-15T02:59:26.50781,15/04/2023,13:59:26,Sat,15/04/2023 13:59:26,GE,Tbilisi,TR,"Arnavutk√∂y, Istanbul",F,TBS,IST
d8c6034c-5b6b-4015-944c-20f6dc2b30d4,GIA782,GA782,WADD,WIII,WIHH,OKAN1A OKANG T4 FARIZ T6 KURUS KURU2G,Boeing 777-300ER INDONESIA PK-GIG,CS_B777-300ER_GE115B,PK-GIG,B773,Heavy,1236.10487,Completed,2023-03-28T22:25:54.469,2023-03-29T00:03:29.47,5855.001,5855.001,5437.001,5437.001,11355.3422,7200,5474,289,25210,36000,2023-03-28T22:27:25.544023,29/03/2023,09:27:25,Wed,29/03/2023 09:27:25,ID,Denpasar,ID,Jakarta,U,DPS,CGK
bf2bd362-75d4-4695-99f9-b23a13e4744c,CPA378,CXCPA378,RKPK,VHHH,ZGGG,BETTA2 TOPAX DCT GOSBO DCT MAKET DCT ATINA DCT CJU DCT PANSI DCT ZS109 DCT ABBEY ABEY3A,Airbus A321neo CathayPacific - LEAP,A321neoLEAP,B-HPI,A21N,Medium,2171.63772,Completed,2023-03-29T21:51:56.607,2023-03-30T00:52:10.605,10813.998,10813.998,10267.999,10267.999,6648.08629,12600,11936,201,7476,37000,2023-03-29T21:49:45.904811,30/03/2023,08:49:45,Thu,30/03/2023 08:49:45,KR,Busan,HK,Islands,W,PUS,HKG
ce4a8fa0-23cf-4799-abb3-a2c3659563c2,QFA1284,QF1284,YPPH,YPKA,YPPH,AVNEX3 AVNEX Y15 VETEL Z55 KA DCT,PMDG 737-800 Qantas (VH-VXM | 2021 | Mount Hotham),PMDG 737-800,VH-VXM,B738,Medium,1343.64506,Completed,2022-08-25T02:54:53.496,2022-08-25T04:53:17.495,7103.999,7103.999,6350.999,6350.999,5032.80511,8400,6519,160,5275,35000,2022-08-25T02:52:13.603452,25/08/2022,13:52:13,Thu,25/08/2022 13:52:13,AU,Perth,AU,Karratha,M,PER,KTA
d5eca760-19bf-408b-b8bc-41110c57917c,HOOK41,HOOK41,LCLK,LDDU,LYBE,BONE1B BONEK M601 EVENO UM601 EXELA UN127 LMO UN128 FSK UL608 DISOR DCT MAVAR DCT RETRA DCT MOKUN MOKU2Z,PMDG 737-700BBJ USAF (50730),PMDG 737-700BBJ,05-0730,B737,Medium,1441.16263,Completed,2022-05-12T05:35:30.689,2022-05-12T06:52:34.689,4624,4624,4484.001,4484.001,3680.98968,10500,8738,30,5748,37000,2022-05-12T05:35:29.035916,12/05/2022,16:35:29,Thu,12/05/2022 16:35:29,CY,Larnaca,HR,Dubrovnik,U,LCA,DBV
dec51b75-7dba-40eb-ae02-984d4c5ade52,CCA177,CA177,ZBAD,VHHH,VMMC,OMD12D OMDEK W37 HOK A461 LIG R473 BEMAG V5 CON W6 SAREX W7 ZUH R473 SIERA SIER6D,Boeing 777-300ER CHINA SMILING,CS_B777-300ER_GE115B,B-2035,B773,Heavy,2016.37684,Completed,2022-07-05T05:18:13.095,2022-07-05T07:01:34.094,6200.999,6200.999,5582.999,5582.999,17935.3318,10800,9931,0,70000,35000,2022-07-05T05:14:25.135811,05/07/2022,16:14:25,Tue,05/07/2022 16:14:25,CN,Beijing,HK,Islands,H,PKX,HKG
1b3d6fc9-d752-4372-9bfa-7048fc35af99,N310AG,None,VTBS,VQPR,VGHS,TARE3J TARED G463 DAC W3 SDP R598 BOGOP BOGO1B,PMDG 737-800BBJ2 BBJ N310AG,PMDG 737-800BBJ2,N310AG,B738,Medium,2216.98783,Completed,2022-10-19T01:38:44.546,2022-10-19T04:37:01.546,10697,10697,10022.999,10022.999,6718.3046,11700,10043,35,873,38000,2022-10-19T01:34:08.532272,19/10/2022,12:34:08,Wed,19/10/2022 12:34:08,TH,Bangkok,BT,Paro,H,BKK,PBH
b35bd5fd-92b5-40a0-83fc-ba220fdccda7,HVN214,VN214,VVTS,VVNB,VVCI,ANTR2F PATMA Q2 BIVIM N639 NAH NAH1A,Airbus A330-900neo Vietnam Airlines,Headwind_A330neo,VN-A339,A339,Heavy,1343.16549,Completed,2022-08-21T10:36:22.253,2022-08-21T12:31:27.253,6905,6905,6422.999,6422.999,10507.5621,8100,6220,216,20320,35000,2022-08-21T10:29:43.212117,21/08/2022,21:29:43,Sun,21/08/2022 21:29:43,VN,Ho Chi Minh City,VN,Hanoi (Soc Son),F,SGN,HAN
b61221ed-9cba-41c3-abbb-42935643d450,AZU281,AD281,SBSV,SBGR,SBGL,DCT DIKIT DCT NITBO UZ21 MOXEP MOXE1A,Airbus A321Neo LEAP Azul PR-YJF,A321neoLEAP,PR-YJF,A21N,Medium,1540.20379,Completed,2022-09-15T09:39:54.309,2022-09-15T11:55:43.309,8149,8149,7498.001,7498.001,4690.8597,9300,7315,0,15500,35000,2022-09-15T09:34:50.619464,15/09/2022,20:34:50,Thu,15/09/2022 20:34:50,BR,Salvador,BR,S√£o Paulo,M,SSA,GRU
250f9505-d5d1-484b-9a6d-a4904a2aedac,CQH2719,9C2719,ZSPD,ZUCK,ZUUU,PIK95D PIKAS G330 UNTAN G345 OLRIS R343 WHA B213 SAKPU SAK1J,Airbus A321neo Spring Airlines - LEAP,A321neoLEAP,B-30EU,A21N,Medium,1728.98116,Completed,2022-10-12T08:30:47.821,2022-10-12T11:00:36.807,8988.986,8988.986,8486.002,8486.002,5089.41143,10200,8261,173,5325,34000,2022-10-12T08:21:04.650103,12/10/2022,19:21:04,Wed,12/10/2022 19:21:04,CN,Shanghai (Pudong),CN,Chongqing,U,PVG,CKG
4fc94b0f-1411-4040-9700-c4b088456871,UAE782,EK782,VNKT,OMDB,OMAA,DARK1D NARAN B345 LKN R594 DPN G333 MERUN R471 RK G214 PG G665 ASVIB N312 MOBET M324 PATAT L519 PUVAL PUVA2E,Airbus A330-900neo Emirates,Headwind_A330neo,A6-NEO,A339,Heavy,3276.29541,Completed,2022-08-30T01:31:33.012,2022-08-30T04:03:03.011,9089.999,9089.999,8550,8550,18458.1365,16800,14042,180,18600,36000,2022-08-30T01:28:02.434233,30/08/2022,12:28:02,Tue,30/08/2022 12:28:02,NP,Kathmandu,AE,Dubai,U,KTM,DXB
0e91fb76-1cb1-4ec5-a199-8adb896a1ddf,9HELF,9HELF,EIDW,BIKF,BIAR,SURO1B SUROX DCT ERNAN DCT GOMUP DCT BREKI DCT BASLU BASL3M,PMDG 737-700BBJ AirX Charter (9H-ELF | 1999),PMDG 737-700BBJ,9H-ELF,B737,Medium,1546.48105,Completed,2022-05-14T05:44:49.805,2022-05-14T08:30:43.722,205.697994,205.697994,205.697994,205.697994,4872.59694,9900,7942,30,5848,38000,2022-05-14T05:43:54.183971,14/05/2022,16:43:54,Sat,14/05/2022 16:43:54,IE,Dublin,IS,Reykjav√≠k,W,DUB,KEF
07218bdb-605b-45d8-bfc6-0ef5e273360f,CLX4117,CV4117,SAEZ,SCEL,SAME,TORUL1 URINO UL405 TOSOR UT687 UMKAL UMKA6B,Airbus A330-900neo Cargolux,Headwind_A330neo,LX-UCF,A339,Heavy,1305.28542,Completed,2022-08-29T10:49:36.518,2022-08-29T12:43:45.51,6848.992,6848.992,6136.001,6136.001,7925.30993,8400,6358,0,42000,36000,2022-08-29T10:48:25.727021,29/08/2022,21:48:25,Mon,29/08/2022 21:48:25,AR,Buenos Aires (Ezeiza),CL,Santiago,U,EZE,SCL
e222a36b-e8fb-4b84-ace7-5f1bb4bf813f,GIA4771,GA4771,WARR,WIII,WIPP,LASE5F LASEM M766 IMU DCT,Airbus A330-900neo Garuda Indonesia PK-GHG,Headwind_A330neo,PK-GHG,A339,Heavy,727.240074,Completed,2022-11-08T01:43:04.356,2022-11-08T02:53:36.356,4232,4232,3577.001,3577.001,6878.8346,6000,4327,288,15760,34000,2022-11-08T01:33:32.954445,08/11/2022,12:33:32,Tue,08/11/2022 12:33:32,ID,Surabaya,ID,Jakarta,H,SUB,CGK
9f0cbc36-ebd9-4cda-9980-e52c928bfb3d,ANA942,NH942,RJNT,ROAH,ZSPD,URUS4R URUSI Y45 KMC Y382 WAKIT Y282 POPPY Y34 SUKMO Y50 DONKY Y75 ONC Y525 IHEYA IHEYAS,Boeing 787-8 ANA,Kuro_B787_8,JA801A,B788,Heavy,1655.15026,Completed,2023-02-25T21:26:01.373,2023-02-26T00:00:41.373,9239.01927,9239.01927,8890.01927,8890.01927,12376.9151,9300,9036,0,32000,36000,2023-02-25T21:24:13.514432,26/02/2023,08:24:13,Sun,26/02/2023 08:24:13,JP,Toyama,JP,Naha,H,TOY,OKA
ab143272-41e0-426b-9772-8f82c0dd93b0,QFA816,QF816,YSSY,YMHB,YMML,FISHA8 WOL H20 MOTRA W407 IPLET IPLE5W,Airbus A321Neo Qantas airways,aircrafta321neopw,VH-OGR,A21N,Medium,1146.25445,Completed,2023-02-17T02:52:13.677,2023-02-17T04:38:01.677,6346.00389,6346.00389,5876.00389,5876.00389,3391.29603,7500,5957,188,8503,36000,2023-02-17T02:49:58.215334,17/02/2023,13:49:58,Fri,17/02/2023 13:49:58,AU,Sydney,AU,Hobart,H,SYD,HBA
6e229cb1-af98-4a4b-9668-3dc6db65968e,CLX4845,CV4845,LGAV,ELLX,LFPG,KOR2T KOR UL613 YNN UL611 TUMBO DCT OVVER DCT RODON DCT SIPAL DCT NUPSO DCT RIFEN DCT RISOM DCT SOTOV P66 KPT L608 TEDGO DCT KRH DCT BETEX BETE3K,Boeing 747-8F Cargolux,Salty_B747_8i,LX-VCA,B748,Heavy,2036.98774,Completed,2022-05-26T10:32:25.07,2022-05-26T13:15:06.058,9760.988,9760.988,9046.999,9046.999,25942.2528,11400,9597,0,54700,36000,2022-05-26T10:24:04.294027,26/05/2022,21:24:04,Thu,26/05/2022 21:24:04,GR,Athens,LU,Luxembourg,U,ATH,LUX
27149db0-3b9a-4673-ac2f-f7f7f4409a2b,QFA511,QF511,YMHB,YSSY,YWLM,LATUM2 LATUM H111 LT W218 NOLAN UY327 MAKRL J163 CB W423 CULIN Y59 RIVET RIVET3,Airbus A321Neo Qantas airways,aircrafta321neopw,VH-OGR,A21N,Medium,1190.12778,Completed,2022-11-06T20:35:20.243,2022-11-06T22:20:17.232,6296.989,6296.989,5778,5778,3417.56511,7500,5734,174,6350,37000,2022-11-06T20:33:40.091811,07/11/2022,07:33:40,Mon,07/11/2022 07:33:40,AU,Hobart,AU,Sydney,H,HBA,SYD
ae772fc6-985e-452d-ad68-60086416be5b,THA811,TG4811,VTBS,WSSS,WMKK,KIGO3K KIGOB Y11 PIDEL M904 TONIK M644 VKB M751 GUGIT DCT ARAMA ARAM1B,Boeing 777-300ER Thai Airways (Dirty),CS_B777-300ER_GE115B,HS-TTA,B773,Heavy,1660.65852,Completed,2022-07-25T23:23:26.08,2022-07-26T01:34:12.081,7846.001,7846.001,7296.001,7296.001,14507.7873,8700,7429,0,65000,34000,2022-07-25T23:19:45.260817,26/07/2022,10:19:45,Tue,26/07/2022 10:19:45,TH,Bangkok,SG,Singapore,U,BKK,SIN
7588de4f-1622-4589-bbe9-233908a1ace3,UAL655,UA655,KSFO,KJAC,KBIL,TRUKN2 ORRCA Q120 GALLI DCT PARZZ DCT HOMVA DCT,PMDG 737-700 PUnited Airlines 2019 SCI,PMDG 737-700,N24706,B737,Medium,1301.50205,Completed,2022-08-10T21:35:14.762,2022-08-10T23:20:59.764,6345.002,6345.002,5809.001,5809.001,4255.95899,7800,6033,121,6825,35000,2022-08-10T21:30:50.545259,11/08/2022,08:30:50,Thu,11/08/2022 08:30:50,US,San Francisco,US,Jackson,M,SFO,JAC
85b8d55b-86bd-4db3-9a3a-04745e2481c5,CSN417,CZ417,ZGGG,ZUCK,ZUUU,YIN1D YIN G586 QP B330 SJG G586 LAGEX W182 AGTIS W3 QJG QJG3J,Airbus A330-900neo China Southern Airlines,Headwind_A330neo,B-8399,A339,Heavy,1201.39206,Completed,2022-07-16T21:58:30.905,2022-07-16T23:43:30.896,6299.991,6299.991,5593.001,5593.001,9770.71617,7500,5473,274,21479,36000,2022-07-16T21:53:15.153715,17/07/2022,08:53:15,Sun,17/07/2022 08:53:15,CN,Guangzhou (Huadu),CN,Chongqing,H,CAN,CKG
c212a27d-1cc8-45b7-b4f7-b55b81d7321b,BAW922,BA922,EGPF,ENGM,ESOE,NORB1H NORBO Y96 NATEB P15 GIVEM DCT SURAT DCT PETIL L983 BUSOM M604 SVA M609 VAVET DCT RIPAM RIPA4M,B787 10 British Airways G-ZBLA,Asobo_B787_10,G-ZBLA,B78X,Heavy,1404.88858,Completed,2022-10-01T11:02:07.253,2022-10-01T12:54:48.239,6760.986,6760.986,6309,6309,11989.6056,6900,6105,0,52000,38000,2022-10-01T11:00:06.666905,01/10/2022,22:00:06,Sat,01/10/2022 22:00:06,GB,"Paisley, Renfrewshire",NO,Oslo,W,GLA,OSL
2c06453d-81c0-4853-ab4f-69ebc181bc61,N806SB,None,WIII,WMKK,WMKD,DOLT2C DOLTA A585 PLB G579 VJB A457 GUPTA BOBI1P,PMDG 737-800 Garuda Indonesia (PK-GFQ),PMDG 737-800,PK-GFQ,B737,Medium,1236.21546,Completed,2022-09-05T23:53:47.254,2022-09-06T01:42:56.243,6548.989,6548.989,5999,5999,5047.31561,7800,6327,130,8743,35000,2022-09-05T23:50:26.142734,06/09/2022,10:50:26,Tue,06/09/2022 10:50:26,ID,Jakarta,MY,Sepang,U,CGK,KUL
d74169fb-8154-4f03-a20a-f21b13a0d032,SIA481,SQ481,WSSS,VTBS,VTBU,VMR5E VMR B469 VPK M751 VKB M644 ALUMO Y12 DOLNI DOLN3C,Boeing 787-10 Singapore Airlines,Asobo_B787_10,9V-SCC,B78X,Heavy,1527.80199,Completed,2023-03-24T23:14:10.225,2023-03-25T01:12:56.226,7106.01794,7106.01794,6654.01594,6654.01594,11801.107,8700,6847,240,23987,38000,2023-03-24T23:10:37.674995,25/03/2023,10:10:37,Sat,25/03/2023 10:10:37,SG,Singapore,TH,Bangkok,F,SIN,BKK
9fc770b1-8de7-487b-a061-0d716fc253ea,ASCOT391,RAF391,WMKK,VTBS,VTBU,PIBO1C PIBOS R208 MATSU Y345 GUGIT M751 REGOS A464 GUTSO LEBI3C,Airbus A330-900neo RAF Voyager,Headwind_A330neo,ZZ336,A339,Heavy,1368.95947,Completed,2022-05-23T10:21:51.107,2022-05-23T12:17:58.108,6967.001,6967.001,6434.001,6434.001,10939.2149,8100,6433,0,20400,37000,2022-05-23T10:18:39.524597,23/05/2022,21:18:39,Mon,23/05/2022 21:18:39,MY,Sepang,TH,Bangkok,U,KUL,BKK
586c5713-d311-4aa3-8343-6903feca4144,GAF21N,GAF21N,EYVI,EDDB,EKCH,UPAS1A UPASI DCT VABER L735 GOVEN T205 NUKRO NUK25L,Airbus A320 Neo Luftwaffe 15+11 (A32NX Converted),FlyByWire_A320_NEO,‚Äé‚Äé‚Äé,A20N,Medium,989.266523,Completed,2022-05-04T11:47:10.147,2022-05-04T13:23:24.137,5773.99,5773.99,5324.001,5324.001,2515.17906,7200,5345,0,15200,37000,2022-05-04T11:34:01.92634,04/05/2022,22:34:01,Wed,04/05/2022 22:34:01,LT,Vilnius,DE,Berlin,M,VNO,BER
ba1f2437-6906-4feb-9ea6-9c05689eb56a,LNI425,JT425,WIII,WITT,WIMM,DOLT2B DOLTA A585 MDN W12 JILAT DCT OPUNG DCT,Airbus A330-900neo LION LEI,Headwind_A330neo,PK-LEI,A339,Heavy,1910.14175,Completed,2022-05-28T04:13:42.912,2022-05-28T06:39:48.901,8765.989,8765.989,8304.999,8304.999,15320.673,10500,8825,0,44495,36000,2022-05-28T04:06:56.282554,28/05/2022,15:06:56,Sat,28/05/2022 15:06:56,ID,Jakarta,ID,Banda Aceh,W,CGK,BTJ
a1f79e62-47f2-4cee-82d9-11fe4717e569,SIA943,SQ943,WSSS,WIII,WIHH,ANIT7F ANITO B470 PKP W26 BOSLO B470 BUNIK BUNI2F,Airbus A330-900neo Singapore Airlines ,Headwind_A330neo,9V-SSP,A339,Heavy,4872.31346,Completed,2022-07-18T09:57:31.611,2022-07-18T11:27:10.6,5378.989,5378.989,4850.999,4850.999,7155.82665,6900,5052,201,18020,34000,2022-07-18T09:35:57.965881,18/07/2022,20:35:57,Mon,18/07/2022 20:35:57,SG,Singapore,ID,Jakarta,U,SIN,CGK
9ed1fc89-713d-4017-9fd9-b93e441f4a41,UPS4127,5X4127,EFHK,EKCH,EDDH,NUNT4D NUNTO Y369 REKDO DCT ELVIX L975 TIDVU TIDV1C,Boeing 747-8i UPS N616UP,SALTY_B747_8i,N616UP,B748,Heavy,999.858597,Completed,2022-05-20T10:00:43.516,2022-05-20T11:36:29.517,5746.001,5746.001,5111.001,5111.001,14114.7061,6900,5221,0,54600,37000,2022-05-20T09:54:32.468953,20/05/2022,20:54:32,Fri,20/05/2022 20:54:32,FI,Helsinki,DK,Copenhagen,W,HEL,CPH
f01408a4-9e2b-43e6-bbf5-902089d6d05f,BTK318,ID318,WIII,WIMM,WMKK,DOLT2B DOLTA A585 PKU W12 MEDIA MEDI2C,FBW Batik Air PK-BDF,FlyByWire_A320_NEO,PK-BDF,A20N,Medium,1446.90245,Completed,2022-08-10T09:53:42.766,2022-08-10T11:56:08.756,7345.99,7345.99,6793,6793,4098.34045,9000,7063,136,9119,36000,2022-08-10T09:50:12.016785,10/08/2022,20:50:12,Wed,10/08/2022 20:50:12,ID,Jakarta,ID,Bandara Kuala Namu,U,CGK,KNO
9050ee00-a908-42ad-ad07-74e02ba69201,LAN508,LA508,SAEZ,SCEL,SAME,TORUL1 URINO UL405 TOSOR UT687 UMKAL UMKA5C,Airbus A321Neo LATAM,aircrafta321neopw,CC-BEM,A21N,Medium,1258.35762,Completed,2022-10-19T20:15:25.82,2022-10-19T22:05:33.82,6608,6608,6210.001,6210.001,3848.53379,8700,6367,174,7350,36000,2022-10-19T20:10:54.805996,20/10/2022,07:10:54,Thu,20/10/2022 07:10:54,AR,Buenos Aires (Ezeiza),CL,Santiago,H,EZE,SCL
cbef13f4-de28-48c9-b3ce-e5ae9ab213da,BNZ415,AB415,YMML,YBRK,YBTL,NONIX3 NONIX H66 TW W684 IVL W207 OK W347 SUSGI DCT DADBO DADBO1,PMDG 737-800 Bonza [VH-UJT - 2022],PMDG 737-800,VH-UJT,B738,Medium,1877.136,Completed,2023-04-04T00:13:42.433,2023-04-04T02:50:26.432,9380.00833,9380.00833,8599.01033,8599.01033,6773.27008,10200,8595,169,6302,37000,2023-04-04T00:09:16.380095,04/04/2023,11:09:16,Tue,04/04/2023 11:09:16,AU,Melbourne,AU,Rockhampton,U,MEL,ROK
1d2191c4-f69e-4af6-ab74-854f3993890d,JST847,JQ847,YMHB,YMML,YPAD,LATUM2 LATUM H111 LT H215 WAREN WARE7V,Airbus A321neo JetStar (VH-OFP),aircrafta321neopw,VH-OFP,A21N,Medium,663.634369,Completed,2023-04-06T22:40:44.309,2023-04-06T23:48:59.308,4094.999,4094.999,3547,3547,2100.97792,5700,4093,189,8424,36000,2023-04-06T22:37:37.22186,07/04/2023,09:37:37,Fri,07/04/2023 09:37:37,AU,Hobart,AU,Melbourne,W,HBA,MEL
44b6a41c-8096-4db0-9f31-1d404bde9598,QTR461,QR461,OTHH,VABB,VAOZ,NAML1E NAMLA N300 NOLSU P307 SETSI N881 RASKI L301 KARKU DCT EXOLU POKO2A,Boeing 777-300ER Qatar,CS_B777-300ER_GE115B,A7-BAW,B77W,Heavy,2488.89557,Completed,2023-04-29T09:18:57.759,2023-04-29T10:58:52.746,5994.987,5994.987,5328.971,5328.971,20426.0603,11400,9473,305,23609,36000,2023-04-29T09:11:53.0773,29/04/2023,20:11:53,Sat,29/04/2023 20:11:53,QA,Doha,IN,Mumbai,F,DOH,BOM
75db89c6-7ada-4123-af18-28cc5d98413d,CTV318,QV318,WAJJ,WARR,WADD,DCT TISTO W68 AMN W53 MKS W32 KASOL W32N KOLTA KOLT1E,Airbus A320 Neo CITILINK50TH,FlyByWire_A320_NEO,PK-GTF,A20N,Medium,3303.15359,Completed,2022-07-23T22:01:00.155,2022-07-24T01:44:37.156,13417.001,13417.001,12794.999,12794.999,8237.99468,16800,14931,110,8744,35000,2022-07-23T21:56:47.367929,24/07/2022,08:56:47,Sun,24/07/2022 08:56:47,ID,Sentani,ID,Surabaya,F,DJJ,SUB
c932fd17-8a47-4b1b-9c45-f0f684b24da8,VPBRT,VPBRT,LOWW,EDDS,EDDF,ODSU2D SOVIL DCT SITNI DCT BAGSI DCT MATIG DCT TITIG Z79 RIDAR L173 DODIL T127 TEKSI TEKS1W,PMDG 737-700BBJ VP-BRT,PMDG 737-700,VP-BRT,B737,Medium,599.399807,Completed,2022-05-25T11:56:08.481,2022-05-25T13:03:06.476,4017.995,4017.995,3587.998,3587.998,2494.74884,5700,3780,117,7759,34000,2022-05-25T11:52:00.319881,25/05/2022,22:52:00,Wed,25/05/2022 22:52:00,AT,Vienna,DE,Stuttgart,M,VIE,STR
73ebe36f-7d23-4303-8cec-8eaeeadd30a2,ANZ571,NZ571,NZQN,YMML,YSSY,IPNO3A ADKOS P753 WAREN WARE7M,Airbus A321Neo Air New Zealand,aircrafta321neopw,ZK-NNA,A21N,Medium,2210.89473,Completed,2023-04-08T19:50:44.128,2023-04-08T22:51:00.128,10816,10816,10258.992,10258.992,5540.37778,13500,10763,207,5175,35000,2023-04-08T19:48:11.748986,09/04/2023,06:48:11,Sun,09/04/2023 06:48:11,NZ,Queenstown,AU,Melbourne,F,ZQN,MEL
43f2bf78-308b-4b88-a4a2-f256eeb6a2ef,EJA92K,1I92K,RJFU,RCKH,RCTP,WEST6 CARCO V40 FUE Z40 IGMON A1 APU B1 ANLOT W4 TNN TNN1M,PMDG 737-800BBJ2 Netjets (N127QS | 2010 | SSW),PMDG 737-800BBJ2,N127QS,BBJ2,Medium,1581.0036,Completed,2022-09-10T21:14:50.135,2022-09-10T23:41:19.125,8788.99,8788.99,8317.999,8317.999,5272.90396,9900,8086,24,2599,38000,2022-09-10T21:09:11.82054,11/09/2022,08:09:11,Sun,11/09/2022 08:09:11,JP,Nagasaki,TW,Kaohsiung (Xiaogang),F,NGS,KHH
5100704a-7f73-43c5-96d7-d673b94e8c4b,PHENIX73,FAF73,SKBO,TJSJ,TIST,OSUS1R GIKPU UW10 YACAR DCT EJA UG444 UBLAX DCT AMBAS UL335 SCAPA JOSHE3,Airbus A330-900neo ARMEE DE L¬¥AIR 042,Headwind_A330neo,F-UJCJ,A339,Heavy,1937.67015,Completed,2022-10-06T20:04:33.551,2022-10-06T22:39:07.552,9274.001,9274.001,8803.999,8803.999,12267.1437,10200,8638,100,10000,35000,2022-10-06T20:00:22.81336,07/10/2022,07:00:22,Fri,07/10/2022 07:00:22,CO,Bogota,PR,San Juan,M,BOG,SJU
4409226e-351d-4c9a-a1a7-f864b3a15867,BAW61K,BA21K,EGLL,LKPR,EDDP,DET2F DET L6 DVR UL9 KONAN UL607 KOK DCT MATUG DCT GUBAX DCT KOMIB DCT TONSU Z35 ODOMO DCT LOMKI LOMK7S,Airbus A32NX British Airways,FlyByWire_A320_NEO,G-TTNA,A20N,Medium,1160.58196,Completed,2022-07-09T10:44:36.731,2022-07-09T12:24:32.73,5995.999,5995.999,5543.002,5543.002,3380.51183,7200,5368,157,7499,36000,2022-07-09T10:41:27.028764,09/07/2022,21:41:27,Sat,09/07/2022 21:41:27,GB,London,CZ,Prague,H,LHR,PRG
23b3b4fb-0c3a-4a60-b35f-08ce7c871ea6,QFA190,QF190,YPAD,YSSY,YSTW,PANKI3 PANKI H247 CULIN Y59 RIVET RIVET3,Airbus A321Neo Qantas airways,aircrafta321neopw,,A21N,Medium,1249.96575,Completed,2022-10-30T20:05:00.479,2022-10-30T21:34:04.478,5343.999,5343.999,4910.001,4910.001,2992.89491,7500,5009,174,6350,36000,2022-10-30T19:54:26.178255,31/10/2022,06:54:26,Mon,31/10/2022 06:54:26,AU,Adelaide,AU,Sydney,H,ADL,SYD
f9cc294b-7bd9-4952-8942-d14a1e20146a,P4MIS,None,LLBG,LGIR,LGAV,SUVA1F SUVAS L53 STEPA M1 KAVOS UM1 SIT SIT2B,Private ACJ319 CFM,A319ceoCFM_acj,P4-MIS,A319,Medium,989.614601,Completed,2022-10-23T05:06:52.146,2022-10-23T06:31:47.146,5095,5095,4795,4795,2446.00655,7800,5137,20,499,37000,2022-10-23T05:02:39.524306,23/10/2022,16:02:39,Sun,23/10/2022 16:02:39,IL,Tel Aviv,GR,Heraklion,H,TLV,HER
8932f856-dbb4-43ee-a60c-3ced1968b95a,AAL708,AA708,KMIA,MMUN,MMMD,DCT LULLS Y196 CANOA UB879 NOSAT NOSA1B,PMDG 737-800 American Astrojet (N905NN - 2017),PMDG 737-800,N905NN,B738,Medium,922.037088,Completed,2022-09-01T11:22:23.434,2022-09-01T12:47:48.433,5124.999,5124.999,4727,4727,3720.1811,6900,4982,135,8868,34000,2022-09-01T11:20:17.818676,01/09/2022,22:20:17,Thu,01/09/2022 22:20:17,US,Miami,MX,Ciudad de Canc√∫n,M,MIA,CUN
26854d3b-116f-4924-a99c-a018409fcc8b,SAM84,MM84,EPLK,EEEI,EFHK,DCT POLON N133 BIBKA DCT IPLIT B74 TIGNU N619 RONUS DCT SULUN DCT,PMDG 737-700BBJ USAF (50730),PMDG 737-700BBJ,USAF,B737,Medium,1035.05323,Completed,2023-03-16T08:39:57.464,2023-03-16T10:09:26.466,5369.002,5369.002,4939,4939,3320.45948,6900,5520,20,2499,39000,2023-03-16T08:32:00.955885,16/03/2023,19:32:00,Thu,16/03/2023 19:32:00,PL,0,EE,Keila,W,0,0
5aa37165-d12b-4d8b-a6f3-a52f927923f1,ELY477,LY477,HECA,LLBG,LLER,DCT LONIR V606 ELIGI DCT,,,4X-EDA,B78X,Heavy,484.894963,Completed,2022-08-24T10:01:15.907,2022-08-24T10:55:07.896,3231.989,3231.989,2582.001,2582.001,3248.75818,4500,2602,0,45000,29000,2022-08-24T09:58:24.323811,24/08/2022,20:58:24,Wed,24/08/2022 20:58:24,EG,Cairo,IL,Tel Aviv,U,CAI,TLV
84625dfc-e4ea-4053-ae50-87522164cd25,MXD744,OD744,WMKK,WBSB,WBGR,KIMA1H KIMAT Y344 VPK M758 OLKIT M759 BRU DCT,PMDG 737-800 Malindo Air (9M-LCR),PMDG 737-800,9M-LNP,B738,Medium,1583.49175,Completed,2022-09-27T01:41:26.645,2022-09-27T03:52:22.632,7855.987,7855.987,7451.999,7451.999,5747.96044,9300,7889,110,5744,36000,2022-09-27T01:37:52.802047,27/09/2022,12:37:52,Tue,27/09/2022 12:37:52,MY,Sepang,BN,Bandar Seri Begawan,U,KUL,BWN
0bb9e2d0-de24-4e0e-9c1e-b5f87454f6a6,N755SB,None,ROAH,RJGG,RJBB,ESKOB1 AMAMI Y574 SHIBK Y57 YULIA Y575 ALBAT Y755 CARDS CARDSS,Boeing 777-200ER All Nippon Airways JA8968,CS_B777-200ER_GE90B,JA8968,B772,Heavy,1417.08256,Completed,2022-08-16T21:11:06.24,2022-08-16T23:06:39.238,6932.998,6932.998,6551.999,6551.999,10840.7309,7800,6450,0,55000,35000,2022-08-16T21:11:06.562951,17/08/2022,08:11:06,Wed,17/08/2022 08:11:06,JP,Naha,JP,Tokoname,U,OKA,NGO
314a77d0-b7e1-4e86-94ee-f6a3c307c858,CYGNUS27,,VVTS,WSSS,WMKM,LATH2D NIXUP L643 CN L642 ESPOB Q801 ESBUM Q802 ELALO ELAL1B,FBW Airbus A320 Neo ROKAF KC-330,FlyByWire_A320_NEO,19001,A20N,Medium,1187.15482,Completed,2022-09-28T03:04:10.453,2022-09-28T04:45:43.452,6092.999,6092.999,5723.001,5723.001,3208.37147,7800,5713,80,6996,38000,2022-09-28T02:48:17.478309,28/09/2022,13:48:17,Wed,28/09/2022 13:48:17,VN,Ho Chi Minh City,SG,Singapore,U,SGN,SIN
9f352446-2388-4748-9b1d-dc4076bc10d8,QTR1184,QR,OTHH,OEJN,OETF,SALW1E SALWA M430 KIA G782 VEMEM VEME1N,Airbus A330-900neo QATAR AIRWAYS New Livery,Headwind_A330neo,A7-ACA,A339,Heavy,1537.76273,Completed,2022-05-27T11:36:13.1,2022-05-27T13:47:34.091,7880.991,7880.991,7211,7211,12871.0142,9300,7424,280,20975,36000,2022-05-27T11:32:50.981608,27/05/2022,22:32:50,Fri,27/05/2022 22:32:50,QA,Doha,SA,Jeddah,W,DOH,JED
504aba54-f9cb-4323-b174-a79407c55031,WAZ829,5W829,OMAA,OKBK,ORMM,DAXI1G DAXIB P553 UKUVO G462 TUMAK M600 KUMBO A453 DEBTI DEBT2C,Airbus A321neo Wizz Air Abu Dhabi A6-WZC,aircrafta321neopw,A6-WZC,A21N,Medium,947.138304,Completed,2023-02-15T02:37:15.936,2023-02-15T04:11:26.937,5651.001,5651.001,5197.001,5197.001,2918.29682,6900,5451,198,7713,36000,2023-02-15T02:31:00.293564,15/02/2023,13:31:00,Wed,15/02/2023 13:31:00,AE,Abu Dhabi,KW,Kuwait City,H,AUH,KWI
0821f6ec-753a-4b8a-87c4-7980153309a8,UAL740,UA740,KDEN,KSFO,KSMF,COORZ6 VOAXA Q136 RUMPS DCT OAL DCT INYOE DYAMD5,Boeing 787-8 United Airlines (New - 2019),Kuro_B787_8,N20904,B788,Heavy,1583.81647,Completed,2023-02-11T20:09:58.799,2023-02-11T21:51:31.797,6077.0037,6077.0037,5686.0077,5686.0077,10413.3496,10200,7536,0,38000,40000,2023-02-11T20:07:27.35624,12/02/2023,07:07:27,Sun,12/02/2023 07:07:27,US,Denver,US,San Francisco,H,DEN,SFO
49bbc751-56ba-41a4-a9dd-a4cfb5d15ef8,QFA812,QF812,YSSY,YPAD,YMAV,KADOM1 KADOM H44 MAXEM Q60 BLACK SURGN3,PMDG 737-700 Qantas Airways (VH-VYZ | 2016),PMDG 737-700,VH-VYZ,B737,Medium,1224.60445,Completed,2022-07-24T21:30:58.303,2022-07-24T23:37:26.302,7587.999,7587.999,6855.001,6855.001,4875.29748,8700,7098,101,7520,36000,2022-07-24T21:26:32.943764,25/07/2022,08:26:32,Mon,25/07/2022 08:26:32,AU,Sydney,AU,Adelaide,U,SYD,ADL
23a7f58d-e5aa-44f5-9ddb-bd11a7a4be94,UAL42,UA42,KORD,KDEN,KCOS,DCT OLINN DCT OREOS DCT OBENE DCT OGALE DCT OBH DCT BRWRY LAWGR2,Boeing 767-400ER United Airlines 2019,CS_B767-400ER_CF6,N658UA,B764,Heavy,1507.53626,Completed,2022-07-17T21:48:46.409,2022-07-18T00:01:07.408,7940.999,7940.999,7149,7149,7026.15067,9900,7052,0,43000,32000,2022-07-17T21:44:30.63758,18/07/2022,08:44:30,Mon,18/07/2022 08:44:30,US,Chicago,US,Denver,U,ORD,DEN
265f78a8-550c-49a1-bcd7-dda172851177,QFA429,QF429,YBBN,YMML,YMAV,SANEG1 SANEG Q923 CANTY H119 ML DCT,PMDG 737-800 Qantas [VH-XZP | Retro Roo I],PMDG 737-800,VH-XZP,B737,Medium,1472.85085,Completed,2022-09-16T20:30:25.092,2022-09-16T22:45:06.083,8080.991,8080.991,7442.998,7442.998,5693.37077,9300,7996,130,6243,35000,2022-09-16T20:25:30.003691,17/09/2022,07:25:30,Sat,17/09/2022 07:25:30,AU,Brisbane,AU,Melbourne,W,BNE,MEL
ac861e78-fdb8-407b-9af6-9b7e26e4aac7,LOT714,LO714,EPWA,LOWW,LHBP,EVIN7G EVINA N744 TUSIN M984 MIKOV MIKO7W,PMDG 737-700 SP-LWB,PMDG 737-700,SP-LWB,B737,Medium,677.688854,Completed,2022-07-16T08:33:58.748,2022-07-16T09:36:49.748,3771,3771,3046,3046,3080.88093,5400,3970,115,7917,37000,2022-07-16T08:29:44.283686,16/07/2022,19:29:44,Sat,16/07/2022 19:29:44,PL,Warsaw,AT,Vienna,H,WAW,VIE
38736e66-821e-414f-b0aa-51ee15fc3b94,N713SB,None,WADD,WSSS,WMKD,SRON1A SRONO DCT UDONO M635 SURGA SURG1B,Boeing 777-300ER Garuda Retro,CS_B777-300ER_GE115B,PK-GIK,B773,Heavy,1898.2117,Completed,2022-07-18T21:53:01.464,2022-07-18T23:50:01.454,7019.99,7019.99,6563.001,6563.001,14900.9057,9900,8195,0,55000,35000,2022-07-18T21:49:42.152092,19/07/2022,08:49:42,Tue,19/07/2022 08:49:42,ID,Denpasar,SG,Singapore,U,DPS,SIN
c991a1c4-fbbe-49d7-ac32-c1aba411a90d,ANA5807,NH5807,RJAA,RCTP,RCNN,TETRA8 SZE V17 CBE Y121 LABEL Y50 KOSHI A1 DRAKE DRAK1A,Boeing 777-300ER All Nippon Airways,CS_B777-300ER_GE115B,JA787A,B77W,Heavy,2361.62685,Completed,2022-05-19T20:56:39.236,2022-05-20T00:21:12.234,12272.998,12272.998,11892,11892,23197.3868,12600,11500,0,41000,35000,2022-05-19T20:48:23.768303,20/05/2022,07:48:23,Fri,20/05/2022 07:48:23,JP,Narita,TW,Taoyuan (Dayuan),W,NRT,TPE
1d349b79-d5cd-434b-a990-9a161a9ec1ad,ANZ104,NZ104,NZAA,YSSY,YSCB,OSRA1P MADEP N774 MARLN MARLN5,Airbus A321Neo Air New Zealand2,aircrafta321neopw,ZK-NNA,A21N,Medium,2259.74479,Completed,2022-10-16T20:07:29.817,2022-10-16T23:22:33.816,11703.999,11703.999,11158.002,11158.002,6493.6834,13500,11532,164,4100,36000,2022-10-16T20:04:27.287225,17/10/2022,07:04:27,Mon,17/10/2022 07:04:27,NZ,Auckland,AU,Sydney,H,AKL,SYD
5cf91c61-cfb2-4932-9ef7-0d12c0cb1d73,ANA74,NH074,ROAH,RPLL,RPLC,NHC4SW LAFTY DCT MAMIK A582 KANDU DCT,Airbus A321Neo All Nippon Airways,aircrafta321neopw,JA131A,A21N,Medium,1569.43739,Completed,2022-08-26T21:46:00.383,2022-08-26T23:32:34.383,6394,6394,5858.001,5858.001,4735.2682,9300,7249,0,15500,36000,2022-08-26T21:42:50.6485,27/08/2022,08:42:50,Sat,27/08/2022 08:42:50,JP,Naha,PH,Manila,W,OKA,MNL
85b4eee0-d6f7-40d1-a0e5-bb8bf0772dc6,ASA570,AS570,KSEA,PANC,PAEN,BANGR9 ARRIE DCT FOCHE DCT PRYCE DCT BKA DCT LAIRE DCT JOH WITTI4,Airbus A321Neo Alaska Airlines2,A321neoLEAP,N928VA,A21N,Medium,2397.84273,Completed,2022-10-15T20:22:12.971,2022-10-15T22:42:30.971,8418,8418,7989.006,7989.006,6188.7395,13800,11350,164,4100,36000,2022-10-15T20:20:02.56471,16/10/2022,07:20:02,Sun,16/10/2022 07:20:02,US,Seattle,US,Anchorage,F,SEA,ANC
7cea8589-b684-43a9-a172-2353875a6083,GTI718,5Y718,VHHH,RPLL,RPLC,OCEA2A OCEAN V4 NOMAN A461 CAB CAB7P,Boeing 747-8F Atlas Air N856GT,Salty_B747_8i,N856GT,B748,Heavy,1273.375,Completed,2022-08-23T02:03:02.981,2022-08-23T03:50:22.979,6439.998,6439.998,5859.001,5859.001,16201.7151,7200,5994,280,26985,36000,2022-08-23T02:03:04.00811,23/08/2022,13:03:04,Tue,23/08/2022 13:03:04,HK,Islands,PH,Manila,U,HKG,MNL
25213caa-c60b-4771-941c-3c1f7a4824d2,QFA811,QF811,YPPH,WADD,WADL,AVNEX3 AVNEX Y15 ESDEG Q587 METUM R592 GIWOT DCT JALAK JALA3C,Salty Boeing 747-8i Qantas VH-OEJ,Salty_B747_8i,VH-OEJ,B748,Heavy,2695.61909,Completed,2022-07-14T22:52:20.45,2022-07-15T02:14:34.438,12133.988,12133.988,11693.999,11693.999,33115.5823,13200,11423,0,74700,36000,2022-07-14T22:50:27.147657,15/07/2022,09:50:27,Fri,15/07/2022 09:50:27,AU,Perth,ID,Denpasar,H,PER,DPS
9aa24d15-8a5d-4051-b10e-be1fd7be1821,N891SB,None,KIAD,CYYZ,CYTR,JERES2 JERES J220 SFK DCT WOZEE LINNG3,Boeing 787-10 United Airlines,Asobo_B787_10,¬†,B78X,Heavy,688.333069,Completed,2022-05-14T19:19:21.818,2022-05-14T20:19:53.807,3631.989,3631.989,3173.001,3173.001,4779.22485,5400,3533,0,40000,38000,2022-05-14T19:16:56.607502,15/05/2022,06:16:56,Sun,15/05/2022 06:16:56,US,Dulles,CA,Toronto,F,IAD,YYZ
7408d2e1-78f8-4708-a26d-786d79e38c44,THY83K,TK83K,OKBK,LTFM,LTBZ,RALK3E RALKA G795 TASMI UL602 ALPET L718 KABAN UL718 ULSAB UG8 GEM UT32 BUK UA4 ERSEN ERSE1A,Airbus A321neo Turkish Airlines,aircrafta321neopw,THY,A21N,Medium,2527.20976,Completed,2023-02-12T04:41:08.074,2023-02-12T07:14:56.073,9227.999,9227.999,8674.001,8674.001,6412.59983,13500,12096,188,7700,35000,2023-02-12T04:35:53.344344,12/02/2023,15:35:53,Sun,12/02/2023 15:35:53,KW,Kuwait City,TR,"Arnavutk√∂y, Istanbul",H,KWI,IST
8bed61e8-e16d-4032-88b6-09a8b8d434ec,DAL378,DL378,KATL,KORD,KDTW,VARNM2 GLAZR Q118 HEVAN DCT BONNT VEECK5,Airbus A321Neo Delta Airlines,aircrafta321neopw,N501DA,A21N,Medium,1071.7635,Completed,2022-10-12T20:11:54.071,2022-10-12T21:45:32.053,5617.982,5617.982,5138.001,5138.001,2889.37857,7500,6041,164,4100,36000,2022-10-12T20:09:16.700841,13/10/2022,07:09:16,Thu,13/10/2022 07:09:16,US,Atlanta,US,Chicago,M,ATL,ORD
8f9c2876-5a36-4504-9d0f-9e94b065aed8,TGW194,TR194,WSSS,WARR,WADD,VENI1E SURGA M635 SUMDI SUMD1J,Airbus A321neo Scoot 9V-NCA - PW,aircrafta321neopw,9V-NCA,A21N,Medium,1564.20055,Completed,2023-04-11T23:01:20.35,2023-04-12T01:13:24.349,7923.999,7923.999,7495.001,7495.001,4073.31489,9000,7668,199,7634,37000,2023-04-11T22:56:13.465771,12/04/2023,09:56:13,Wed,12/04/2023 09:56:13,SG,Singapore,ID,Surabaya,U,SIN,SUB
443726d6-c132-437f-a126-6c02a895ca4b,BTK3812,ID3812,WATO,WIII,WIPP,DCT PADAR DCT NMA W42 MUBOT W43 SBR T2 KALUT T6 KURUS KURU2G,FBW Batik Air PK-BDF,FlyByWire_A320_NEO,PK-BDF,A20N,Medium,1525.78067,Completed,2023-04-05T22:31:37.766,2023-04-06T00:30:03.764,7105.998,7105.998,6763.999,6763.999,4209.3836,9600,7282,151,7267,35000,2023-04-05T22:28:43.647589,06/04/2023,09:28:43,Thu,06/04/2023 09:28:43,ID,Labuan Bajo,ID,Jakarta,W,LBJ,CGK
d2c45071-d668-4598-8a60-8a246aad0a50,AXM722,AK722,WBKK,WBGG,WBGR,SUKU1F VLB G460 BRU G580 PILAX KIK1A,Airbus A320 AirAsia,FlyByWire_A320_NEO,¬†,A20N,Medium,836.190165,Completed,2022-09-06T03:47:59.622,2022-09-06T05:02:29.622,4470,4470,4045.999,4045.999,2522.35789,6600,4227,141,8159,36000,2022-09-06T03:36:04.457978,06/09/2022,14:36:04,Tue,06/09/2022 14:36:04,MY,Kota Kinabalu,MY,Kuching,U,BKI,KCH
a8555473-19ae-42cc-8fca-ba0763553ec6,SIA784,SQ784,WSSS,VTSP,VTST,AROS4F AROSO Y339 GEMAS B466 SUKAT A457 VPG Y351 DUBAX R325 URGAD URGA1D,PMDG 737-800 Singapore Airlines [9V-MGA],PMDG 737-800,9V-MGA,B737,Medium,1103.36438,Completed,2022-08-27T06:57:48.805,2022-08-27T08:39:47.805,6119,6119,5549,5549,4389.41915,7200,5370,140,7493,36000,2022-08-27T06:53:50.462912,27/08/2022,17:53:50,Sat,27/08/2022 17:53:50,SG,Singapore,TH,Phuket,W,SIN,HKT
ceb52ffc-87df-465a-9ad8-f3ad6f3c4d6e,QFA855,QF885,NZAA,YSSY,YSCB,BATO3Q MADEP N774 MARLN MARLN5,Airbus A320 Neo Qantas Airways,FlyByWire_A320_NEO,-,A20N,Medium,2243.49786,Completed,2022-09-09T20:15:07.297,2022-09-09T23:30:17.296,11709.999,11709.999,10993.001,10993.001,6260.57009,13500,11513,148,5692,36000,2022-09-09T20:10:45.727234,10/09/2022,07:10:45,Sat,10/09/2022 07:10:45,NZ,Auckland,AU,Sydney,W,AKL,SYD
65112a91-f522-4e64-a056-845d33f40404,CEB237,5J237,RPLL,WSSS,WSAP,BUCA2R BUCAL M646 TOKON M767 TOMAN DCT KARTO DCT,Airbus A330-900neo Cebu Pacific,Headwind_A330neo,RP-C3900,A339,Heavy,2537.57811,Completed,2023-03-27T22:01:25.72,2023-03-28T01:13:35.72,11522.0174,11522.0174,10878.0184,10878.0184,16824.0148,13200,11268,326,22520,38000,2023-03-27T21:59:29.065678,28/03/2023,08:59:29,Tue,28/03/2023 08:59:29,PH,Manila,SG,Singapore,U,MNL,SIN
64ea0800-8bb8-4753-97a1-44cc03aca3d3,SIA871,SQ871,WIII,WSSS,WMKK,DOLT2A DOLTA G579 REPOV REPO1B,Boeing 787-10 Singapore Airlines,Asobo_B787_10,9V-SCC,B78X,Heavy,929.725173,Completed,2022-08-01T12:14:26.205,2022-08-01T13:36:43.206,4937.001,4937.001,4333,4333,6232.05733,6600,4893,0,53000,37000,2022-08-01T12:10:05.327767,01/08/2022,23:10:05,Mon,01/08/2022 23:10:05,ID,Jakarta,SG,Singapore,U,CGK,SIN
454d9d35-630e-4c37-9039-61f61ab0b0c3,IAF728,None,WAMM,WAWJ,WAAA,GONT1D GONTA W51 PAL DCT,PMDG 737-800 Indonesia Air Force (A-7308 | 2016),PMDG 737-800,A-7308,B738,Medium,907.861646,Completed,2023-03-12T07:22:00.139,2023-03-12T08:58:52.128,4853.87201,4853.87201,4472.89488,4472.89488,3590.37082,6300,4918,90,5245,38000,2023-03-12T07:17:38.822856,12/03/2023,18:17:38,Sun,12/03/2023 18:17:38,ID,Manado,ID,Mamuju,F,MDC,MJU
a8c26a2a-39ef-48fe-8660-adc12df08ff5,GIA412,GA412,WADD,WIII,WIPP,DCT SBR M766 MADIN W16 KIDET DCT,PMDG 737-800 Garuda Indonesia (PK-GFQ),PMDG 737-800,PK-GFQ,B738,Medium,1091.26546,Completed,2022-09-29T03:03:04.111,2022-09-29T04:40:13.101,5828.99,5828.99,5187,5187,4414.423,7200,5659,154,5842,36000,2022-09-29T02:59:26.45567,29/09/2022,13:59:26,Thu,29/09/2022 13:59:26,ID,Denpasar,ID,Jakarta,M,DPS,CGK
276a6dad-9458-426e-92f3-bedb7891d4b8,FAF210,,LFBO,EIDW,EGLL,LACO5Q LACOU DCT CHALA DCT CNA DCT MANAK DCT MUREL DCT SALCO UN864 BHD N26 STU M17 VATRY VATR1Z,Airbus A321neo France Air Force ET 3/60 Esterel 2020,aircrafta321neolrLEAP,F-UJCB,A21N,Medium,1341.37777,Completed,2023-03-11T09:36:46.037,2023-03-11T11:49:34.023,7951.99687,7951.99687,7396.00987,7396.00987,3995.74599,8400,7381,160,7000,37000,2023-03-11T09:32:04.039826,11/03/2023,20:32:04,Sat,11/03/2023 20:32:04,FR,Toulouse/Blagnac,IE,Dublin,F,TLS,DUB
0168760b-2109-492b-beb9-04b145ca5072,EVA184,BR184,RCTP,VVTS,VVCR,CHAL1A CHALI T5 PARPA A577 KABAM N892 MESOX Q15 CRA W15 AC ANLO1A,Boeing 787-10 EVA AIR,Asobo_B787_10,B-17801,B78X,Heavy,2382.89771,Completed,2022-10-03T23:54:37.026,2022-10-04T02:45:00.015,10222.989,10222.989,9891.997,9891.997,18245.5555,12300,10716,0,52000,38000,2022-10-03T23:52:45.272581,04/10/2022,10:52:45,Tue,04/10/2022 10:52:45,TW,Taoyuan (Dayuan),VN,Ho Chi Minh City,U,TPE,SGN
ed1f79e5-dce2-471a-b4dd-1ea168e99449,AEE174,A3174,LGAV,LIRF,LIRZ,KOR1J KOR L53 IXONI UL53 KRK UL995 TIGRA DCT EKTOL DCT TEA DCT SIPRO Z803 LAT LAT3B,Airbus A321Neo Aegean Airlines PW,aircrafta321neopw,SX-NAA,A21N,Medium,1287.56888,Completed,2022-09-10T05:00:01.603,2022-09-10T06:50:02.602,6600.999,6600.999,6196,6196,4328.67548,8100,6584,0,15000,36000,2022-09-10T04:56:04.090714,10/09/2022,15:56:04,Sat,10/09/2022 15:56:04,GR,Athens,IT,Rome,W,ATH,FCO
1964920a-66b5-4452-9606-0997727a6a73,9HAVK,None,RJGG,ROAH,RODN,ISE3 KEC Y12 LAXEL Y52 TONAR Y525 IHEYA IHEYAN,Airbus A320 Neo Comlux Aviation FBW NX,FlyByWire_A320_NEO,9H-AVK,A20N,Medium,1519.22419,Completed,2022-07-29T21:29:16.194,2022-07-29T23:39:03.194,7787,7787,7272.001,7272.001,3860.94789,9000,6635,62,7547,37000,2022-07-29T21:29:18.486105,30/07/2022,08:29:18,Sat,30/07/2022 08:29:18,JP,Tokoname,JP,Naha,W,NGO,OKA
dd91172f-38fc-4936-9991-432c302297c9,DAL346,DL346,KBOS,KORD,KIND,HYLND6 HYLND DCT CAM Q822 FNT WYNDE2,Airbus A321neo Delta (N521DT),aircrafta321neopw,N521DT,A21N,Medium,1549.15088,Completed,2023-04-09T23:04:09.108,2023-04-10T01:12:38.107,7708.999,7708.999,7254,7254,3822.77147,9600,8040,201,7476,36000,2023-04-09T22:58:51.159657,10/04/2023,09:58:51,Mon,10/04/2023 09:58:51,US,Boston,US,Chicago,U,BOS,ORD
65f55ca9-bd69-4995-90a1-dd3833944dbe,CODE1,None,VVNB,WMKK,WMKM,TINL1B NAH N639 PNH M753 ENREP M763 TAXUL Y349 PULIP KIDO1P,Salty 747-8i ROK Air Force One 2022,Salty_B747_8i,22001,B748,Heavy,2441.52345,Completed,2022-08-14T23:03:15.667,2022-08-15T01:15:00.653,7904.986,7904.986,7386,7386,28491.3224,11400,10241,185,19615,37000,2022-08-14T22:57:48.484789,15/08/2022,09:57:48,Mon,15/08/2022 09:57:48,VN,Hanoi (Soc Son),MY,Sepang,U,HAN,KUL
120940e1-a525-4024-9843-2a06249ac128,IAF07,None,KABQ,KSEA,KPDX,LARGO3 RSK DCT TCH DCT TWF DCT PDT CHINS4,Boeing 777-300ER India Force One K7066,CS_B777-300ER_GE115B,,B773,Heavy,1961.41374,Completed,2022-10-07T20:13:04.832,2022-10-07T22:23:38.833,7834.001,7834.001,7533.999,7533.999,17417.1621,11100,9547,0,44000,37000,2022-10-07T20:07:53.150068,08/10/2022,07:07:53,Sat,08/10/2022 07:07:53,US,Albuquerque,US,Seattle,W,ABQ,SEA
7e030957-9896-4df3-ba53-034959f4cfba,AAL371,AA371,MMMY,KPHX,KTUS,MTY6A MTY DCT MOV UJ15 XOXIL DCT KA90W DCT KEYLO J141 ELP DCT DRRVR PINNG1,Airbus A319 CFM American,A319ceoCFM,N704US,A319,Medium,1554.91384,Completed,2023-03-16T21:24:05.184,2023-03-16T23:48:21.184,8656,8656,8199,8199,5255.31896,9900,7917,100,5500,38000,2023-03-16T21:16:26.630463,17/03/2023,08:16:26,Fri,17/03/2023 08:16:26,MX,Ciudad de Apodaca,US,Phoenix,W,MTY,PHX
41ba62f8-6351-48ee-a079-f8ed67be5fb6,ACA92,AC92,CYXE,CYVR,CYQQ,DCT OVATA DCT BORIX DCT SPRAE DCT BOOTH CANUC5,Boeing 787-10 Air Canada,Asobo_B787_10,C-FRSE,B78X,Heavy,1225.41516,Completed,2022-10-05T20:23:10.617,2022-10-05T22:11:41.618,6511.001,6511.001,6039.999,6039.999,11671.1083,8400,6389,0,50000,38000,2022-10-05T20:19:58.449027,06/10/2022,07:19:58,Thu,06/10/2022 07:19:58,CA,Saskatoon,CA,Vancouver,M,YXE,YVR
00735ceb-1709-43b9-976e-aa926cceed58,LNI791,JT791,WAHI,WIMM,WIDD,CLP2G CLP W17 BND W11 CKG T10 AKPER AKPE1A,Airbus A330-900neo LION LEI,Headwind_A330neo,PK-LEI,A339,Heavy,1887.59683,Completed,2023-04-11T02:58:23.346,2023-04-11T05:22:50.345,8666.999,8666.999,8040.001,8040.001,13023.8015,10500,8317,264,19280,38000,2023-04-11T02:51:37.660971,11/04/2023,13:51:37,Tue,11/04/2023 13:51:37,ID,Yogyakarta,ID,Bandara Kuala Namu,U,YIA,KNO
273fcb3d-50df-4083-aa06-853a7aaab50a,CEB272,5J272,RPLL,VHHH,VMMC,SIRC2R SIRCA L628 DOSUS W3 AKOTA A583 SABNO V542 BETTY BETY2A,Airbus A330-900neo Cebu Pacific,Headwind_A330neo,RP-C3900,A339,Heavy,1330.38537,Completed,2022-04-30T04:14:50.938,2022-04-30T06:07:59.937,6788.999,6788.999,6416.002,6416.002,8706.22458,8100,6386,0,37600,37000,2022-04-30T04:11:19.184826,30/04/2022,15:11:19,Sat,30/04/2022 15:11:19,PH,Manila,HK,Islands,W,MNL,HKG
6b9cde1a-6c64-4e5b-b647-92f07827b258,AAL361,AA361,KMIA,MMUN,MMMD,DCT CANOA UB879 NOSAT NOSA1B,Airbus A330-900neo American Airlines,Headwind_A330neo,N294AY,A339,Heavy,927.692038,Completed,2023-02-17T21:27:43.672,2023-02-17T22:55:51.672,5281.00476,5281.00476,4715.00476,4715.00476,7893.45686,6900,4837,210,16200,36000,2023-02-17T12:09:03.785588,17/02/2023,23:09:03,Fri,17/02/2023 23:09:03,US,Miami,MX,Ciudad de Canc√∫n,H,MIA,CUN
aa5c4b34-11a1-429d-807b-a02250761f33,VOI661,Y4661,MMUN,MMMX,MMTM,UDGU1A UDGUV UJ84 CZA UT20 UBVOV UT101 ENAGA ENAG1A,Airbus A321Neo Volaris2,aircrafta321neopw,N536VL,A21N,Medium,1409.78748,Completed,2022-10-18T20:25:53.671,2022-10-18T22:29:52.671,7439,7439,6739.999,6739.999,4421.63003,9000,7152,174,7350,36000,2022-10-18T20:21:44.852417,19/10/2022,07:21:44,Wed,19/10/2022 07:21:44,MX,Ciudad de Canc√∫n,MX,Ciudad de M√©xico,H,CUN,MEX
c1afe6ac-96fd-43b2-b0d9-30ed6ec813cd,SAS962,SK962,ESSA,ENBR,ENAL,ARS5G ARS N623 IBGAX DCT EBURI N623 PESUR PESU3N,FBW Airbus A320 Neo SAS,FlyByWire_A320_NEO,SE-RUB,A20N,Medium,819.037964,Completed,2022-07-06T07:16:25.208,2022-07-06T08:39:10.207,4964.999,4964.999,4315,4315,2590.06819,6600,4472,0,15400,36000,2022-07-06T07:12:30.232012,06/07/2022,18:12:30,Wed,06/07/2022 18:12:30,SE,Stockholm,NO,Bergen,H,ARN,BGO
f35aed92-8f1c-4b0f-9284-f1e565edcf9c,GIA841,GA841,WADD,WIII,WIHH,OKAN1A OKANG T4 FARIZ T6 KURUS KURU2E,Boeing 777-300ER Garuda Retro,CS_B777-300ER_GE115B,PK-GIK,B773,Heavy,1254.75586,Completed,2022-07-10T06:37:04.826,2022-07-10T08:11:50.826,5686,5686,5335.997,5335.997,10325.8993,7200,5494,0,66100,34000,2022-07-10T06:30:19.22559,10/07/2022,17:30:19,Sun,10/07/2022 17:30:19,ID,Denpasar,ID,Jakarta,H,DPS,CGK
c4865bd9-ab19-4c61-92f5-6bcd31612aec,KAF41E,None,RCTP,RPVM,RPMD,TINH1B TINHO B591 GID Q11 POTIB M646 LAO B462 IPATA W25 BATAY BATA3P,FBW Airbus A320 Neo ROKAF KC-330,FlyByWire_A320_NEO,¬†,A20N,Medium,1954.50791,Completed,2022-07-21T01:29:17.203,2022-07-21T04:04:41.204,9324.001,9324.001,8737.7,8737.7,4941.82232,10200,8985,60,7497,36000,2022-07-21T01:26:57.498905,21/07/2022,12:26:57,Thu,21/07/2022 12:26:57,TW,Taoyuan (Dayuan),PH,Lapu-Lapu City,M,TPE,CEB
ff54bdd4-22f2-44ac-ac1a-c969337b1878,EJA94,1I94,SKBO,MHTG,MZBZ,TOBK1R VASIL UW36 DAKMO UM549 TBG UA317 MGA UA502 LIBIS LIBIS1,Airbus A320 Neo NetJets (A32NX Converted),FlyByWire_A320_NEO,N320QS,A20N,Medium,1969.23013,Completed,2022-09-13T21:06:43.556,2022-09-13T23:48:27.546,9703.99,9703.99,9100.998,9100.998,4560.47922,11100,8993,25,5624,38000,2022-09-13T21:01:06.91678,14/09/2022,08:01:06,Wed,14/09/2022 08:01:06,CO,Bogota,HN,Tegucigalpa,U,BOG,TGU
3e644794-6b08-4f0a-b141-72a3bdeb21fb,ASY31,None,YBBN,YSSY,YSCB,SANEG1 SANEG H91 CORKY H12 BOREE BORE3A,PMDG 737-700BBJ RAAF [A36-001 - 2022],PMDG 737-700BBJ,A36-001,B737,Medium,778.973575,Completed,2022-07-09T22:11:14.791,2022-07-09T23:36:18.792,5104.001,5104.001,4401.001,4401.001,2857.71359,6300,4315,20,4499,38000,2022-07-09T22:06:39.300877,10/07/2022,09:06:39,Sun,10/07/2022 09:06:39,AU,Brisbane,AU,Sydney,H,BNE,SYD
77f0d0b3-9134-4772-a784-e279935eef65,QFA421,QF421,YBBN,YMML,YMAV,SANEG1 SANEG Q923 CANTY H119 ARBEY ARBE6A,Airbus A330-900neo Qantas,Headwind_A330neo,VH-QPV,A339,Heavy,1459.96324,Completed,2023-02-12T19:21:38.301,2023-02-12T21:32:17.425,7839.124,7839.124,7175.001,7175.001,11738.9508,9300,7235,220,16400,37000,2023-02-12T19:15:06.129702,13/02/2023,06:15:06,Mon,13/02/2023 06:15:06,AU,Brisbane,AU,Melbourne,H,BNE,MEL
9fbc3fa1-5e8a-43aa-9235-7ab5d218582c,AFR8271,AF8271,LTFM,LDZA,LOWW,VADE3D VADEN L610 UTEKA DCT SMI DCT VBA VBA2Y,Boeing B777-200F Air France Cargo 2021 F-GUOB,CS_B777F_GE110B1,F-GUOB,B772,Heavy,1270.45023,Completed,2022-09-28T10:56:11.604,2022-09-28T12:57:29.591,7277.987,7277.987,6754.001,6754.001,10044.7293,8100,6099,0,60000,34000,2022-09-28T10:54:46.781585,28/09/2022,21:54:46,Wed,28/09/2022 21:54:46,TR,"Arnavutk√∂y, Istanbul",HR,Zagreb,U,IST,ZAG
b1a3f8df-5103-4f92-a60c-7938378b0d68,P4XTL,P4XTL,LPMA,LPPT,LPFR,DEGU1W DEGUN DCT NARTA DCT UNPOT UNPO5K,Boeing 777-200ER CRYSTAL,CS_B777-200ER_GE90B,‚Äè‚Äè‚Äé,B772,Heavy,999.767556,Completed,2022-04-25T05:02:06.625,2022-04-25T06:45:07.625,6181,6181,5754.002,5754.002,7610.19748,6600,4743,0,30000,36000,2022-04-25T04:55:45.960086,25/04/2022,15:55:45,Mon,25/04/2022 15:55:45,PT,Funchal,PT,Lisbon,U,FNC,LIS
890c045d-fab0-4a0d-8fea-7a0591ed7c49,HAL3718,HA3718,PHNL,PKMJ,ANYN,OPIHI3 CHOKO R584 MCFLY DCT 15N170W 10N180E DCT EFAHU DCT,Airbus A321neo HAWAIIAN N202HA - PW,aircrafta321neopw,N202HA,A21N,Medium,3852.37399,Completed,2023-03-25T21:56:59.233,2023-03-26T00:54:50.232,10670.999,10670.999,10205.001,10205.001,10291.3774,19800,19045,180,7500,37000,2023-03-25T21:55:36.83451,26/03/2023,08:55:36,Sun,26/03/2023 08:55:36,US,Honolulu,MH,Majuro Atoll,F,HNL,MAJ
709f34c7-0d62-4c38-a1df-d0c60d82bccd,GIA433,GA433,WADL,WIII,WIHH,TANJ2A AGUNG W43 SBR T2 LASEM W16 IMU IMU2G,Airbus A330-900neo Garuda,Headwind_A330neo,PK-GHG,A339,Heavy,1171.60929,Completed,2022-04-28T23:30:48.781,2022-04-29T01:09:05.776,5896.995,5896.995,5411.074,5411.074,8101.24263,7800,5544,0,37600,35000,2022-04-28T23:23:05.37319,29/04/2022,10:23:05,Fri,29/04/2022 10:23:05,ID,Mataram,ID,Jakarta,W,LOP,CGK
a9153ee4-6dda-48cc-8644-9e52a8db3147,HVN241,VN241,WMKK,VVTS,VVCR,PIBO1C PIBOS R208 IGARI M765 BITOD L637 BITIS BITI1B,Airbus A320 Neo Vietnam Airlines (A32NX Converted),FlyByWire_A320_NEO,VN-A513,A20N,Medium,1215.269,Completed,2022-05-30T07:40:11.594,2022-05-30T09:25:42.594,6331,6331,5859.999,5859.999,3604.69435,7500,5827,0,19500,35000,2022-05-30T07:33:34.634012,30/05/2022,18:33:34,Mon,30/05/2022 18:33:34,MY,Sepang,VN,Ho Chi Minh City,H,KUL,SGN
7bf36cef-fb8a-47d1-9315-daf25137a31e,LNI214,JT214,WARR,WIMM,WMKK,LASE5F LASEM M766 TKG W21 PLB W12 MEDIA MEDI2C,Airbus A330-900neo LION LEI,Headwind_A330neo,PK-LEI,A339,Heavy,2240.06652,Completed,2022-07-04T03:16:49.522,2022-07-04T04:53:05.512,5775.99,5775.99,5197.999,5197.999,16577.5139,11400,9527,0,41800,37000,2022-07-04T03:15:08.327978,04/07/2022,14:15:08,Mon,04/07/2022 14:15:08,ID,Surabaya,ID,Bandara Kuala Namu,H,SUB,KNO
09c32c16-d243-4c95-bb14-9066cf541d24,GIA72B,GA72B,WAEE,WADD,WADL,TELE1D TELES A450 LIPOT,PMDG 737-700 Garuda Indonesia (PK-GNG- 2022),PMDG 737-700,PK-GNG,B737,Medium,4572.04275,Completed,2022-05-18T07:51:23.831,2022-05-18T10:38:19.831,10016,10016,9519.999,9519.999,6274.59943,10500,8865,115,7917,36000,2022-05-18T07:33:49.573732,18/05/2022,18:33:49,Wed,18/05/2022 18:33:49,ID,Sango,ID,Denpasar,M,TTE,DPS
b5a59195-e4e2-4c3d-a82c-fde24c65b90f,N251SB,None,SCAR,SEQM,SELT,DCT VAGUR A568 DEVUR UP408 VURIS DCT TIPLU DCT,Airbus A320 Neo US Navy P8 Poseidon 8K (A32NX Converted),FlyByWire_A320_NEO,‚Äé,A20N,Medium,2441.21046,Completed,2022-08-03T21:45:44.451,2022-08-04T01:16:32.441,12253.0021,12253.0021,11609.0131,11609.0131,6265.39135,12600,11037,50,7247,36000,2022-08-03T21:43:58.062205,04/08/2022,08:43:58,Thu,04/08/2022 08:43:58,CL,Arica,EC,Quito,M,ARI,UIO
b761177e-5d73-47f3-a471-538c727cdfde,QAF1K,None,LEPA,LPPT,LESA,EPAM2R EPAMA UN733 CJN UN975 CCS DCT ELVAR DCT EXONA DCT,,,A7-HHE,B748,Heavy,1144.1878,Completed,2022-09-13T07:07:18.237,2022-09-13T08:51:35.237,6257,6257,5666.999,5666.999,15885.7368,7500,5788,0,28000,38000,2022-09-13T07:04:46.419741,13/09/2022,18:04:46,Tue,13/09/2022 18:04:46,ES,Palma de Mallorca,PT,Lisbon,U,PMI,LIS
9ba5f4eb-b854-417f-b633-8c0f39b67c3c,VPCZW,None,KJAC,KTVL,KSMF,ALPIN2 KICNE DCT IDA DCT PARZZ DCT BAM J32 FMG DCT,PMDG 737-700BBJ Wuleen Investment Corp (VP-CZW | 2015),PMDG 737-700BBJ,VP-CZW,B737,Medium,1000.38434,Completed,2022-08-30T22:00:04.043,2022-08-30T23:35:13.042,5708.999,5708.999,5265.999,5265.999,3096.5819,7500,5252,15,2374,38000,2022-08-30T21:56:38.129703,31/08/2022,08:56:38,Wed,31/08/2022 08:56:38,US,Jackson,US,South Lake Tahoe,U,JAC,TVL
d89a9f9c-c3c3-4192-90a4-ceeb159cebd7,UAL411,UA411,KJAC,KSFO,KSMF,ALPIN2 KICNE DCT PARZZ Q138 FIMUV DCT LEGGS BDEGA3,Airbus A321neo United Airlines 2019 N321UA,A321neoLEAP,N321UA,A21N,Medium,1354.63145,Completed,2022-10-22T20:01:51.865,2022-10-22T22:05:54.864,7442.999,7442.999,7059.001,7059.001,4149.74897,8700,7232,174,6350,36000,2022-10-22T19:57:05.272953,23/10/2022,06:57:05,Sun,23/10/2022 06:57:05,US,Jackson,US,San Francisco,H,JAC,SFO
d72db5b8-8724-4e78-bed3-fb31a808bb1c,BAH1A,BAH1A,WADD,VTSP,VTST,DCT UDONO M635 RAFIS DCT TPG A464 SJ G579 VJB R325 OSVIP DCT,Bahrain Royal Boeing 767-400ER,CS_B767-400ER_CF6,A9C-HMH,B764,Heavy,2698.81642,Completed,2022-04-24T02:52:50.756,2022-04-24T06:18:15.747,12324.991,12324.991,11653.998,11653.998,12264.3599,14400,11611,0,30000,36000,2022-04-24T02:43:34.176853,24/04/2022,13:43:34,Sun,24/04/2022 13:43:34,ID,Denpasar,TH,Phuket,F,DPS,HKT
b22362d2-611d-4603-b08a-cfa5a0d1c1f6,THY544,TK544,LTAI,UUEE,UUBC,HISA1F HISAR UW77 BAG UW71 CRM UG901 BALUM G901 LEKPI L91 KANON T748 RINGU N50 OLOPI OLOP1J,Airbus A330-900neo Turkish Airlines,Headwind_A330neo,TC-LOB,A339,Heavy,2742.03873,Completed,2022-08-13T11:50:01.764,2022-08-13T13:50:37.764,7236,7236,6741.999,6741.999,19687.8655,12000,11030,244,19880,36000,2022-08-13T11:43:44.856098,13/08/2022,22:43:44,Sat,13/08/2022 22:43:44,TR,Antalya,RU,Moscow,W,AYT,SVO
a3b1c3a2-9209-4c17-a17c-b6a8944dd62c,IAD741,I5741,VOMM,VABB,VASU,DOHIA DOLKI Q8 AGELA MOLG2A,Airbus A320 Neo (A32NX) AirAsia India,FlyByWire_A320_NEO,VT-ATE,A20N,Medium,1127.1103,Completed,2022-09-07T08:10:40.425,2022-09-07T09:47:22.425,5802,5802,5301,5301,3364.98837,7800,5613,145,7617,33000,2022-09-07T08:08:06.604448,07/09/2022,19:08:06,Wed,07/09/2022 19:08:06,IN,Chennai,IN,Mumbai,U,MAA,BOM
264f753f-916b-435e-b3c6-cf74dcd8c9e9,GIA471,GA471,WADD,WICC,WICA,DCT SBR M766 KIDET W16S CA CA1B,PMDG 737-800 Garuda Indonesia (PK-GFK),PMDG 737-800,PK-GFK,B738,Medium,1021.57843,Completed,2022-08-28T09:04:34.862,2022-08-28T10:36:21.856,5506.994,5506.994,5022.003,5022.003,3927.83554,6900,4838,121,7019,34000,2022-08-28T09:01:33.502641,28/08/2022,20:01:33,Sun,28/08/2022 20:01:33,ID,Denpasar,ID,Bandung,F,DPS,BDO
23bab649-b480-4c9a-b57e-8c7797ff677e,RAF1,RAF1,LHBP,EGPF,EGCC,GILE2R GILEP DCT ZOLKU DCT ABETI DCT SNU DCT RENKA DCT MAMOR DCT ADKUV DCT SOGRI DCT DENUT L608 LOGAN L980 WESUL M14 STOAT L613 HALIF UN590 APPLE APLE1G,Airbus A330-900neo RAF Voyager,Headwind_A330neo,ZZ336,A339,Heavy,2076.97641,Completed,2022-08-29T05:06:40.749,2022-08-29T07:29:07.749,8547,8547,8271.999,8271.999,15466.4658,11700,9909,60,9200,37000,2022-08-29T05:04:25.538424,29/08/2022,16:04:25,Mon,29/08/2022 16:04:25,HU,Budapest,GB,"Paisley, Renfrewshire",U,BUD,GLA
04009888-a891-4c80-afbb-c3fc56f4a11d,GIA102,GA102,WIII,WSSS,WMKK,DOLT2B DOLTA W12 PLB G579 REPOV REPO1A,PMDG 737-800 Garuda Indonesia (PK-GFQ),PMDG 737-800,PK-GFQ,B738,Medium,931.281317,Completed,2022-10-31T03:18:24.749,2022-10-31T04:49:10.734,5445.985,5445.985,4769.998,4769.998,3879.06469,6900,5014,131,5268,36000,2022-10-31T03:15:20.400421,31/10/2022,14:15:20,Mon,31/10/2022 14:15:20,ID,Jakarta,SG,Singapore,H,CGK,SIN
a5214634-86d1-40ea-b4cd-a64301915a26,BTK193,ID193,WAHI,WIMM,WIDD,CLP2G CLP W17 BND DCT HLM B469 BIKAL W12E PLB A585 PKU W12 MEDIA MEDI2C,FBW Batik Air PK-BDF,FlyByWire_A320_NEO,PK-BDF,A20N,Medium,1910.02772,Completed,2023-02-22T00:38:17.517,2023-02-22T03:10:12.516,9114.999,9114.999,8434.999,8434.999,5028.03208,10800,8824,136,3693,36000,2023-02-22T00:33:42.761779,22/02/2023,11:33:42,Wed,22/02/2023 11:33:42,ID,Yogyakarta,ID,Bandara Kuala Namu,H,YIA,KNO
c5073972-6861-4438-ad4d-1f75c3a0ecf7,SVA6A,SV6A,OERK,LLBG,OSDI,METN1K METNI V169 LABIS T503 TAMRO N318 VELAL G669 ASH G662 GRY N318 QAA01 A412 OSAMA N134 SALAM SALA3E,PMDG 737-900ER Saudi Arabia - Ministry of Finance (HZ-MF6  2010),PMDG 737-900ER,HZ-MF6,B739,Medium,1593.78055,Completed,2023-04-10T10:29:03.071,2023-04-10T12:30:48.073,7305.002,7305.002,6805.001,6805.001,5974.16276,9600,8123,80,3496,37000,2023-04-10T10:18:33.852197,10/04/2023,21:18:33,Mon,10/04/2023 21:18:33,SA,Riyadh,IL,Tel Aviv,U,RUH,TLV
591f844d-c033-4dad-91a2-a28efc68ec0b,IDAF01,IDAF01,WIHH,WITT,WMKL,DCT TULIP M766 TKG W11 MKB W19 MOSOL MOSO2D,PMDG 737-800 Indonesia Air Force (A-001 | 2021),PMDG 737-800BBJ2,A-001,B737,Medium,28.4003193,Completed,2022-11-06T07:48:59.698,2022-11-06T07:55:54.698,415,415,255,255,587.269887,11100,9121,40,2998,39000,2022-11-06T07:38:43.6753,06/11/2022,18:38:43,Sun,06/11/2022 18:38:43,ID,Jakarta,ID,Banda Aceh,H,HLP,BTJ
2b5db4f9-0ed8-433b-be91-d3c7e4d25ac2,ANZ825,NZ825,NZQN,YSSY,YSCB,IPNO4D IPNOR DCT ADKOS P766 TONIM DCT RIKNI N774 MARLN MARLN5,Airbus A321Neo Air New Zealand2,aircrafta321neopw,ZK-NNA,A21N,Medium,2097.23767,Completed,2022-10-05T00:26:17.795,2022-10-05T03:15:11.781,10133.986,10133.986,9650.999,9650.999,6018.55884,12300,10356,0,15500,36000,2022-10-05T00:22:22.281889,05/10/2022,11:22:22,Wed,05/10/2022 11:22:22,NZ,Queenstown,AU,Sydney,U,ZQN,SYD
e23e0e78-ee98-4e30-b3ef-e02f03823f60,SIA381,SQ381,RPVM,WSSS,WMKD,ALDI4P ALDIN G578 ZAM A341 VSN W461 BRU M646 TOMAN KART1B,PMDG 737-800 Singapore Airlines [9V-MGA],PMDG 737-800,9V-MGA,B737,Medium,2638.44263,Completed,2022-09-06T21:58:27.498,2022-09-07T00:48:28.498,10201,10201,9507,9507,8333.1139,13800,11648,140,6493,36000,2022-09-06T21:54:16.736589,07/09/2022,08:54:16,Wed,07/09/2022 08:54:16,PH,Lapu-Lapu City,SG,Singapore,U,CEB,SIN
e1440b99-eeeb-4578-aa35-aa7aaf4278dc,IDAF17,IDAF17,WARR,WMKK,WSSS,RAMP2F RAMPY M635 TPG A464 SJ G579 VJB A457 GUPTA PONO1B,PMDG 737-800 Indonesia Air Force (A-7308 | 2016),PMDG 737-800,A-7308,B738,Medium,1810.70144,Completed,2022-11-10T01:47:44.852,2022-11-10T04:13:17.852,8733,8733,8206.001,8206.001,6032.76291,10200,8692,80,4996,37000,2022-11-10T01:43:52.583249,10/11/2022,12:43:52,Thu,10/11/2022 12:43:52,ID,Surabaya,MY,Sepang,H,SUB,KUL
9ab2d4c6-2da6-412f-aef6-b9ac6520762c,ANA263,NH263,RJAA,RKSI,RKTN,TETRA8 ENPAR Y16 SAPRA Y685 GUKDO GUKD1N,Boeing 787-10 ANA,Asobo_B787_10,JA900A,B78X,Heavy,1437.76763,Completed,2022-10-01T21:16:30.797,2022-10-01T23:17:00.785,7229.988,7229.988,6789,6789,13202.8185,8700,7753,0,52000,38000,2022-10-01T21:13:53.967357,02/10/2022,08:13:53,Sun,02/10/2022 08:13:53,JP,Narita,KR,Seoul,F,NRT,ICN